Timestamp,CN value,status
2024-06-01 09:22:00,35.5,
2024-06-01 09:23:00,34.469,
2024-06-01 09:23:00,33.688,
2024-06-01 09:24:00,34.656,
2024-06-01 09:24:00,34.719,
2024-06-01 09:25:00,35.125,
2024-06-01 09:25:00,35.25,
2024-06-01 09:26:00,34.719,
2024-06-01 09:26:00,34.281,
2024-06-01 09:27:00,34.25,
2024-06-01 09:27:00,34.781,
2024-06-01 09:28:00,35.438,
2024-06-01 09:28:00,35.0,
2024-06-01 09:29:00,35.0,
2024-06-01 09:29:00,34.875,
2024-06-01 09:30:00,34.281,
2024-06-01 09:30:00,34.844,
2024-06-01 09:31:00,36.531,
2024-06-01 09:31:00,36.688,
2024-06-01 09:32:00,35.875,
2024-06-01 09:32:00,35.656,
2024-06-01 09:33:00,35.25,
2024-06-01 09:33:00,35.531,
2024-06-01 09:34:00,35.75,
2024-06-01 09:34:00,36.469,
2024-06-01 09:35:00,36.406,
2024-06-01 09:35:00,35.75,
2024-06-01 09:36:00,36.094,
2024-06-01 09:36:00,36.25,
2024-06-01 09:37:00,36.25,
2024-06-01 09:37:00,36.688,
2024-06-01 09:38:00,37.031,
2024-06-01 09:38:00,37.031,
2024-06-01 09:39:00,37.438,
2024-06-01 09:39:00,38.0,
2024-06-01 09:40:00,37.469,
2024-06-01 09:40:00,38.281,
2024-06-01 09:41:00,38.531,
2024-06-01 09:41:00,38.719,
2024-06-01 09:42:00,38.656,
2024-06-01 09:42:00,38.938,
2024-06-01 09:43:00,39.188,
2024-06-01 09:43:00,39.312,
2024-06-01 09:44:00,39.25,
2024-06-01 09:44:00,39.344,
2024-06-01 09:45:00,38.969,
2024-06-01 09:45:00,39.938,
2024-06-01 09:46:00,39.719,
2024-06-01 09:46:00,39.688,
2024-06-01 09:47:00,39.938,
2024-06-01 09:47:00,39.938,
2024-06-01 09:48:00,38.312,
2024-06-01 09:48:00,32.031,
2024-06-01 09:49:00,32.188,
2024-06-01 09:49:00,32.25,
2024-06-01 09:50:00,31.781,
2024-06-01 09:50:00,32.188,
2024-06-01 09:51:00,32.469,
2024-06-01 09:51:00,32.406,
2024-06-01 09:52:00,32.562,
2024-06-01 09:52:00,32.75,
2024-06-01 09:53:00,33.062,
2024-06-01 09:53:00,33.406,
2024-06-01 09:54:00,34.156,
2024-06-01 09:54:00,34.375,
2024-06-01 09:55:00,34.438,
2024-06-01 09:55:00,35.188,
2024-06-01 09:56:00,35.031,
2024-06-01 09:56:00,34.875,
2024-06-01 09:57:00,34.625,
2024-06-01 09:57:00,34.938,
2024-06-01 09:58:00,34.719,
2024-06-01 09:58:00,35.031,
2024-06-01 09:59:00,34.875,
2024-06-01 09:59:00,35.312,
2024-06-01 10:00:00,35.531,
2024-06-01 10:00:00,35.812,
2024-06-01 10:01:00,35.938,
2024-06-01 10:01:00,35.875,
2024-06-01 10:02:00,36.375,
2024-06-01 10:02:00,36.062,
2024-06-01 10:03:00,36.281,
2024-06-01 10:03:00,36.656,
2024-06-01 10:04:00,36.5,
2024-06-01 10:04:00,36.875,
2024-06-01 10:05:00,36.844,
2024-06-01 10:05:00,37.094,
2024-06-01 10:06:00,37.219,
2024-06-01 10:06:00,36.75,
2024-06-01 10:07:00,37.562,
2024-06-01 10:07:00,37.781,
2024-06-01 10:08:00,37.938,
2024-06-01 10:08:00,37.938,
2024-06-01 10:09:00,38.125,
2024-06-01 10:09:00,37.875,
2024-06-01 10:10:00,38.312,
2024-06-01 10:10:00,38.188,
2024-06-01 10:11:00,38.469,
2024-06-01 10:11:00,38.281,
2024-06-01 10:12:00,38.469,
2024-06-01 10:12:00,38.406,
2024-06-01 10:13:00,38.75,
2024-06-01 10:13:00,38.719,
2024-06-01 10:14:00,38.531,
2024-06-01 10:14:00,38.688,
2024-06-01 10:15:00,38.656,
2024-06-01 10:15:00,38.781,
2024-06-01 10:16:00,39.062,
2024-06-01 10:16:00,39.25,
2024-06-01 10:17:00,39.281,
2024-06-01 10:17:00,39.281,
2024-06-01 10:18:00,39.688,
2024-06-01 10:18:00,40.125,
2024-06-01 10:19:00,40.125,
2024-06-01 10:19:00,40.062,
2024-06-01 10:20:00,40.25,
2024-06-01 10:20:00,40.219,
2024-06-01 10:21:00,40.219,
2024-06-01 10:21:00,40.656,
2024-06-01 10:22:00,40.812,
2024-06-01 10:22:00,40.688,
2024-06-01 10:23:00,40.562,
2024-06-01 10:23:00,40.531,
2024-06-01 10:24:00,40.406,
2024-06-01 10:24:00,40.844,
2024-06-01 10:25:00,40.531,
2024-06-01 10:25:00,40.5,
2024-06-01 10:26:00,40.562,
2024-06-01 10:26:00,40.25,
2024-06-01 10:27:00,39.656,
2024-06-01 10:27:00,39.812,
2024-06-01 10:28:00,39.531,
2024-06-01 10:28:00,39.344,
2024-06-01 10:29:00,39.344,
2024-06-01 10:29:00,39.406,
2024-06-01 10:30:00,39.625,
2024-06-01 10:30:00,39.094,
2024-06-01 10:31:00,39.0,
2024-06-01 10:31:00,38.969,
2024-06-01 10:32:00,38.719,
2024-06-01 10:32:00,38.656,
2024-06-01 10:33:00,38.438,
2024-06-01 10:33:00,38.375,
2024-06-01 10:34:00,38.281,
2024-06-01 10:34:00,38.125,
2024-06-01 10:35:00,38.594,
2024-06-01 10:35:00,38.062,
2024-06-01 10:36:00,38.5,
2024-06-01 10:36:00,38.906,
2024-06-01 10:37:00,38.906,
2024-06-01 10:37:00,39.188,
2024-06-01 10:38:00,39.125,
2024-06-01 10:38:00,39.156,
2024-06-01 10:39:00,39.094,
2024-06-01 10:39:00,39.031,
2024-06-01 10:40:00,38.719,
2024-06-01 10:40:00,39.031,
2024-06-01 10:41:00,39.219,
2024-06-01 10:41:00,39.219,
2024-06-01 10:42:00,39.344,
2024-06-01 10:42:00,39.531,
2024-06-01 10:43:00,39.75,
2024-06-01 10:43:00,40.031,
2024-06-01 10:44:00,39.969,
2024-06-01 10:44:00,40.094,
2024-06-01 10:45:00,40.219,
2024-06-01 10:45:00,40.5,
2024-06-01 10:46:00,40.562,
2024-06-01 10:46:00,40.562,
2024-06-01 10:47:00,40.75,
2024-06-01 10:47:00,40.75,
2024-06-01 10:48:00,40.656,
2024-06-01 10:48:00,41.156,
2024-06-01 10:49:00,41.344,
2024-06-01 10:49:00,41.312,
2024-06-01 10:50:00,41.344,
2024-06-01 10:50:00,41.094,
2024-06-01 10:51:00,41.281,
2024-06-01 10:51:00,41.438,
2024-06-01 10:52:00,41.625,
2024-06-01 10:52:00,41.719,
2024-06-01 10:53:00,42.094,
2024-06-01 10:53:00,41.875,
2024-06-01 10:54:00,41.875,
2024-06-01 10:54:00,41.781,
2024-06-01 10:55:00,41.844,
2024-06-01 10:55:00,42.281,
2024-06-01 10:56:00,42.312,
2024-06-01 10:56:00,42.062,
2024-06-01 10:57:00,41.906,
2024-06-01 10:57:00,41.875,
2024-06-01 10:58:00,42.062,
2024-06-01 10:58:00,42.031,
2024-06-01 10:59:00,42.094,
2024-06-01 10:59:00,42.25,
2024-06-01 11:00:00,42.125,
2024-06-01 11:00:00,42.344,
2024-06-01 11:01:00,42.312,
2024-06-01 11:01:00,42.469,
2024-06-01 11:02:00,42.438,
2024-06-01 11:02:00,42.781,
2024-06-01 11:03:00,42.875,
2024-06-01 11:03:00,42.938,
2024-06-01 11:04:00,43.281,
2024-06-01 11:04:00,43.062,
2024-06-01 11:05:00,42.969,
2024-06-01 11:05:00,43.156,
2024-06-01 11:06:00,42.812,
2024-06-01 11:06:00,43.0,
2024-06-01 11:07:00,43.062,
2024-06-01 11:07:00,43.0,
2024-06-01 11:08:00,43.156,
2024-06-01 11:08:00,43.219,
2024-06-01 11:09:00,43.219,
2024-06-01 11:09:00,42.969,
2024-06-01 11:10:00,43.25,
2024-06-01 11:10:00,42.75,
2024-06-01 11:11:00,42.75,
2024-06-01 11:11:00,42.5,
2024-06-01 11:12:00,42.594,
2024-06-01 11:12:00,42.594,
2024-06-01 11:13:00,42.594,
2024-06-01 11:13:00,42.594,
2024-06-01 11:14:00,42.406,
2024-06-01 11:14:00,42.75,
2024-06-01 11:15:00,42.656,
2024-06-01 11:15:00,42.406,
2024-06-01 11:16:00,42.438,
2024-06-01 11:16:00,42.219,
2024-06-01 11:17:00,42.125,
2024-06-01 11:17:00,41.812,
2024-06-01 11:18:00,41.625,
2024-06-01 11:18:00,41.344,
2024-06-01 11:19:00,41.344,
2024-06-01 11:19:00,41.281,
2024-06-01 11:20:00,41.219,
2024-06-01 11:20:00,40.812,
2024-06-01 11:21:00,40.781,
2024-06-01 11:21:00,40.812,
2024-06-01 11:22:00,40.906,
2024-06-01 11:22:00,40.625,
2024-06-01 11:23:00,40.312,
2024-06-01 11:23:00,40.062,
2024-06-01 11:24:00,39.906,
2024-06-01 11:24:00,39.938,
2024-06-01 11:25:00,39.5,
2024-06-01 11:25:00,39.188,
2024-06-01 11:26:00,39.031,
2024-06-01 11:26:00,38.875,
2024-06-01 11:27:00,38.969,
2024-06-01 11:27:00,39.031,
2024-06-01 11:28:00,39.062,
2024-06-01 11:28:00,38.781,
2024-06-01 11:29:00,39.094,
2024-06-01 11:29:00,39.281,
2024-06-01 11:30:00,39.25,
2024-06-01 11:30:00,39.0,
2024-06-01 11:31:00,39.344,
2024-06-01 11:31:00,39.125,
2024-06-01 11:32:00,39.438,
2024-06-01 11:32:00,39.312,
2024-06-01 11:33:00,39.406,
2024-06-01 11:33:00,39.5,
2024-06-01 11:34:00,39.781,
2024-06-01 11:34:00,40.0,
2024-06-01 11:35:00,39.656,
2024-06-01 11:35:00,39.719,
2024-06-01 11:36:00,39.406,
2024-06-01 11:36:00,39.469,
2024-06-01 11:37:00,39.094,
2024-06-01 11:37:00,39.188,
2024-06-01 11:38:00,39.062,
2024-06-01 11:38:00,38.656,
2024-06-01 11:39:00,38.531,
2024-06-01 11:39:00,38.531,
2024-06-01 11:40:00,38.719,
2024-06-01 11:40:00,38.562,
2024-06-01 11:41:00,38.344,
2024-06-01 11:41:00,38.219,
2024-06-01 11:42:00,38.406,
2024-06-01 11:42:00,38.344,
2024-06-01 11:43:00,38.094,
2024-06-01 11:43:00,38.25,
2024-06-01 11:44:00,38.375,
2024-06-01 11:44:00,38.656,
2024-06-01 11:45:00,38.438,
2024-06-01 11:45:00,38.75,
2024-06-01 11:46:00,38.875,
2024-06-01 11:46:00,39.281,
2024-06-01 11:47:00,39.312,
2024-06-01 11:47:00,39.406,
2024-06-01 11:48:00,39.625,
2024-06-01 11:48:00,39.438,
2024-06-01 11:49:00,39.625,
2024-06-01 11:49:00,39.656,
2024-06-01 11:50:00,40.031,
2024-06-01 11:50:00,40.312,
2024-06-01 11:51:00,40.156,
2024-06-01 11:51:00,40.062,
2024-06-01 11:52:00,40.156,
2024-06-01 11:52:00,40.062,
2024-06-01 11:53:00,40.438,
2024-06-01 11:53:00,40.188,
2024-06-01 11:54:00,40.219,
2024-06-01 11:54:00,40.188,
2024-06-01 11:55:00,40.375,
2024-06-01 11:55:00,40.094,
2024-06-01 11:56:00,39.594,
2024-06-01 11:56:00,39.469,
2024-06-01 11:57:00,39.719,
2024-06-01 11:57:00,39.938,
2024-06-01 11:58:00,39.312,
2024-06-01 11:58:00,39.25,
2024-06-01 11:59:00,39.281,
2024-06-01 11:59:00,38.906,
2024-06-01 12:00:00,38.594,
2024-06-01 12:00:00,38.531,
2024-06-01 12:01:00,38.156,
2024-06-01 12:01:00,37.969,
2024-06-01 12:02:00,37.469,
2024-06-01 12:02:00,37.5,
2024-06-01 12:03:00,37.625,
2024-06-01 12:03:00,37.188,
2024-06-01 12:04:00,37.219,
2024-06-01 12:04:00,36.938,
2024-06-01 12:05:00,37.281,
2024-06-01 12:05:00,38.0,
2024-06-01 12:06:00,37.438,
2024-06-01 12:06:00,37.219,
2024-06-01 12:07:00,37.5,
2024-06-01 12:07:00,37.344,
2024-06-01 12:08:00,37.438,
2024-06-01 12:08:00,37.219,
2024-06-01 12:09:00,37.281,
2024-06-01 12:09:00,37.688,
2024-06-01 12:10:00,37.062,
2024-06-01 12:10:00,36.844,
2024-06-01 12:11:00,36.438,
2024-06-01 12:11:00,36.125,
2024-06-01 12:12:00,36.0,
2024-06-01 12:12:00,35.781,
2024-06-01 12:13:00,36.094,
2024-06-01 12:13:00,35.719,
2024-06-01 12:14:00,35.75,
2024-06-01 12:14:00,36.094,
2024-06-01 12:15:00,36.156,
2024-06-01 12:15:00,35.719,
2024-06-01 12:16:00,35.25,
2024-06-01 12:16:00,35.125,
2024-06-01 12:17:00,35.406,
2024-06-01 12:17:00,34.938,
2024-06-01 12:18:00,34.812,
2024-06-01 12:18:00,34.375,
2024-06-01 12:19:00,34.688,
2024-06-01 12:19:00,35.125,
2024-06-01 12:20:00,34.781,
2024-06-01 12:20:00,34.938,
2024-06-01 12:21:00,35.062,
2024-06-01 12:21:00,34.719,
2024-06-01 12:22:00,34.75,
2024-06-01 12:22:00,34.562,
2024-06-01 12:23:00,33.562,
2024-06-01 12:23:00,33.406,
2024-06-01 12:24:00,33.406,
2024-06-01 12:24:00,33.688,
2024-06-01 12:25:00,33.719,
2024-06-01 12:25:00,33.656,
2024-06-01 12:26:00,33.844,
2024-06-01 12:26:00,34.5,
2024-06-01 12:27:00,33.656,
2024-06-01 12:27:00,33.125,
2024-06-01 12:28:00,33.75,
2024-06-01 12:28:00,34.375,
2024-06-01 12:29:00,34.75,
2024-06-01 12:29:00,34.406,
2024-06-01 12:30:00,34.75,
2024-06-01 12:30:00,34.594,
2024-06-01 12:31:00,34.156,
2024-06-01 12:31:00,33.75,
2024-06-01 12:32:00,33.844,
2024-06-01 12:32:00,33.812,
2024-06-01 12:33:00,34.312,
2024-06-01 12:33:00,34.906,
2024-06-01 12:34:00,34.75,
2024-06-01 12:34:00,34.0,
2024-06-01 12:35:00,34.344,
2024-06-01 12:35:00,34.312,
2024-06-01 12:36:00,34.031,
2024-06-01 12:36:00,33.719,
2024-06-01 12:37:00,34.031,
2024-06-01 12:37:00,33.625,
2024-06-01 12:38:00,32.906,
2024-06-01 12:38:00,32.562,
2024-06-01 12:39:00,32.406,
2024-06-01 12:39:00,32.344,
2024-06-01 12:40:00,32.406,
2024-06-01 12:40:00,32.562,
2024-06-01 12:41:00,32.25,
2024-06-01 12:41:00,31.906,
2024-06-01 12:42:00,31.625,
2024-06-01 12:42:00,31.938,
2024-06-01 12:43:00,31.719,
2024-06-01 12:43:00,31.531,
2024-06-01 12:44:00,31.156,
2024-06-01 12:44:00,30.812,
2024-06-01 12:45:00,31.594,
2024-06-01 12:45:00,30.844,
2024-06-01 12:46:00,30.188,
2024-06-01 12:46:00,30.156,
2024-06-01 12:47:00,30.156,
2024-06-01 12:47:00,30.156,
2024-06-01 12:48:00,30.0,
2024-06-01 12:48:00,29.656,
2024-06-01 12:49:00,29.781,
2024-06-01 12:49:00,29.344,
2024-06-01 12:50:00,29.219,
2024-06-01 12:50:00,29.812,
2024-06-01 12:51:00,29.969,
2024-06-01 12:51:00,28.906,
2024-06-01 12:52:00,29.0,
2024-06-01 12:52:00,30.312,
2024-06-01 12:53:00,30.375,
2024-06-01 12:53:00,30.219,
2024-06-01 12:54:00,29.531,
2024-06-01 12:54:00,29.688,
2024-06-01 12:55:00,29.281,
2024-06-01 12:55:00,28.656,
2024-06-01 12:56:00,28.031,
2024-06-01 12:56:00,27.969,
2024-06-01 12:57:00,27.375,
2024-06-01 12:57:00,26.75,
2024-06-01 12:58:00,26.688,
2024-06-01 12:58:00,26.125,
2024-06-01 12:59:00,26.594,
2024-06-01 12:59:00,26.469,
2024-06-01 17:53:00,24.594,
2024-06-01 17:53:00,25.031,
2024-06-01 17:54:00,24.625,
2024-06-01 17:54:00,24.344,
2024-06-01 17:55:00,24.812,
2024-06-01 17:55:00,25.312,
2024-06-01 17:56:00,25.438,
2024-06-01 17:56:00,25.906,
2024-06-01 17:57:00,25.719,
2024-06-01 17:57:00,25.312,
2024-06-01 17:58:00,24.938,
2024-06-01 17:58:00,25.938,
2024-06-01 17:59:00,26.312,
2024-06-01 17:59:00,26.062,
2024-06-01 18:00:00,26.188,
2024-06-01 18:00:00,26.656,
2024-06-01 18:01:00,27.25,
2024-06-01 18:01:00,26.812,
2024-06-01 18:02:00,26.625,
2024-06-01 18:02:00,27.781,
2024-06-01 18:03:00,28.875,
2024-06-01 18:03:00,28.375,
2024-06-01 18:04:00,28.312,
2024-06-01 18:04:00,29.062,
2024-06-01 18:05:00,28.75,
2024-06-01 18:05:00,28.844,
2024-06-01 18:06:00,28.719,
2024-06-01 18:06:00,28.906,
2024-06-01 18:07:00,29.156,
2024-06-01 18:07:00,28.812,
2024-06-01 18:08:00,28.5,
2024-06-01 18:08:00,28.906,
2024-06-01 18:09:00,28.875,
2024-06-01 18:09:00,28.5,
2024-06-01 18:10:00,28.875,
2024-06-01 18:10:00,29.062,
2024-06-01 18:11:00,28.938,
2024-06-01 18:11:00,29.094,
2024-06-01 18:12:00,29.75,
2024-06-01 18:12:00,29.219,
2024-06-01 18:13:00,29.656,
2024-06-01 18:13:00,29.969,
2024-06-01 18:14:00,30.25,
2024-06-01 18:14:00,30.875,
2024-06-01 18:15:00,30.438,
2024-06-01 18:15:00,30.625,
2024-06-01 18:16:00,30.719,
2024-06-01 18:16:00,30.219,
2024-06-01 18:17:00,30.594,
2024-06-01 18:17:00,30.375,
2024-06-01 18:18:00,29.562,
2024-06-01 18:18:00,30.344,
2024-06-01 18:19:00,29.969,
2024-06-01 18:19:00,30.094,
2024-06-01 18:20:00,30.375,
2024-06-01 18:20:00,30.406,
2024-06-01 18:21:00,31.0,
2024-06-01 18:21:00,30.812,
2024-06-01 18:22:00,31.875,
2024-06-01 18:22:00,31.531,
2024-06-01 18:23:00,32.094,
2024-06-01 18:23:00,32.25,
2024-06-01 18:24:00,32.031,
2024-06-01 18:24:00,32.562,
2024-06-01 18:25:00,32.156,
2024-06-01 18:25:00,32.406,
2024-06-01 18:26:00,32.125,
2024-06-01 18:26:00,32.125,
2024-06-01 18:27:00,31.938,
2024-06-01 18:27:00,31.906,
2024-06-01 18:28:00,32.375,
2024-06-01 18:28:00,31.906,
2024-06-01 18:29:00,31.938,
2024-06-01 18:29:00,32.438,
2024-06-01 18:30:00,32.219,
2024-06-01 18:30:00,31.906,
2024-06-01 18:31:00,32.094,
2024-06-01 18:31:00,32.25,
2024-06-01 18:32:00,32.469,
2024-06-01 18:32:00,32.531,
2024-06-01 18:33:00,32.812,
2024-06-01 18:33:00,32.969,
2024-06-01 18:34:00,32.219,
2024-06-01 18:34:00,31.969,
2024-06-01 18:35:00,31.25,
2024-06-01 18:35:00,31.062,
2024-06-01 18:36:00,30.656,
2024-06-01 18:36:00,30.219,
2024-06-01 18:37:00,30.25,
2024-06-01 18:37:00,29.969,
2024-06-01 18:38:00,29.812,
2024-06-01 18:38:00,29.312,
2024-06-01 18:39:00,29.062,
2024-06-01 18:39:00,28.75,
2024-06-01 18:40:00,28.75,
2024-06-01 18:40:00,28.469,
2024-06-01 18:41:00,28.062,
2024-06-01 18:41:00,27.219,
2024-06-01 18:42:00,27.375,
2024-06-01 18:42:00,27.719,
2024-06-01 18:43:00,28.438,
2024-06-01 18:43:00,28.531,
2024-06-01 18:44:00,28.875,
2024-06-01 18:44:00,29.156,
2024-06-01 18:45:00,29.562,
2024-06-01 18:45:00,30.062,
2024-06-01 18:46:00,29.969,
2024-06-01 18:46:00,29.75,
2024-06-01 18:47:00,29.562,
2024-06-01 18:47:00,29.938,
2024-06-01 18:48:00,30.219,
2024-06-01 18:48:00,30.125,
2024-06-01 18:49:00,30.594,
2024-06-01 18:49:00,30.5,
2024-06-01 18:50:00,30.188,
2024-06-01 18:50:00,30.75,
2024-06-01 18:51:00,30.531,
2024-06-01 18:51:00,30.562,
2024-06-01 18:52:00,30.531,
2024-06-01 18:52:00,30.219,
2024-06-01 18:53:00,30.25,
2024-06-01 18:53:00,30.406,
2024-06-01 18:54:00,31.062,
2024-06-01 18:54:00,30.75,
2024-06-01 18:55:00,30.656,
2024-06-01 18:55:00,30.406,
2024-06-01 18:56:00,30.406,
2024-06-01 18:56:00,30.781,
2024-06-01 18:57:00,30.25,
2024-06-01 18:57:00,30.5,
2024-06-01 18:58:00,30.156,
2024-06-01 18:58:00,29.938,
2024-06-01 18:59:00,30.281,
2024-06-01 18:59:00,30.438,
2024-06-01 19:00:00,31.0,
2024-06-01 19:00:00,30.719,
2024-06-01 19:01:00,30.812,
2024-06-01 19:01:00,31.25,
2024-06-01 19:02:00,31.938,
2024-06-01 19:02:00,32.094,
2024-06-01 19:03:00,32.5,
2024-06-01 19:03:00,32.344,
2024-06-01 19:04:00,32.188,
2024-06-01 19:04:00,32.344,
2024-06-01 19:05:00,33.0,
2024-06-01 19:05:00,32.969,
2024-06-01 19:06:00,33.125,
2024-06-01 19:06:00,33.719,
2024-06-01 19:07:00,34.125,
2024-06-01 19:07:00,33.5,
2024-06-01 19:08:00,33.312,
2024-06-01 19:08:00,33.25,
2024-06-01 19:09:00,33.312,
2024-06-01 19:09:00,33.062,
2024-06-01 19:10:00,33.406,
2024-06-01 19:10:00,33.531,
2024-06-01 19:11:00,33.719,
2024-06-01 19:11:00,33.688,
2024-06-01 19:12:00,34.031,
2024-06-01 19:12:00,34.0,
2024-06-01 19:13:00,33.75,
2024-06-01 19:13:00,34.156,
2024-06-01 19:14:00,34.469,
2024-06-01 19:14:00,33.969,
2024-06-01 19:15:00,33.5,
2024-06-01 19:15:00,33.469,
2024-06-01 19:16:00,33.188,
2024-06-01 19:16:00,32.812,
2024-06-01 19:17:00,32.688,
2024-06-01 19:17:00,32.844,
2024-06-01 19:18:00,32.562,
2024-06-01 19:18:00,32.25,
2024-06-01 19:19:00,31.906,
2024-06-01 19:19:00,31.625,
2024-06-01 19:20:00,31.5,
2024-06-01 19:20:00,31.5,
2024-06-01 19:21:00,31.688,
2024-06-01 19:21:00,31.438,
2024-06-01 19:22:00,32.344,
2024-06-01 19:22:00,32.969,
2024-06-01 19:23:00,32.656,
2024-06-01 19:23:00,32.844,
2024-06-01 19:24:00,33.344,
2024-06-01 19:24:00,33.312,
2024-06-01 19:25:00,32.688,
2024-06-01 19:25:00,32.938,
2024-06-01 19:26:00,32.188,
2024-06-01 19:26:00,31.219,
2024-06-01 19:27:00,31.469,
2024-06-01 19:27:00,31.094,
2024-06-01 19:28:00,30.719,
2024-06-01 19:28:00,30.125,
2024-06-01 19:29:00,30.75,
2024-06-01 19:29:00,30.625,
2024-06-01 19:30:00,30.625,
2024-06-01 19:30:00,30.75,
2024-06-01 19:31:00,30.625,
2024-06-01 19:31:00,30.688,
2024-06-02 09:18:00,34.906,1.0
2024-06-02 09:19:00,34.062,1.0
2024-06-02 09:19:00,34.781,1.0
2024-06-02 09:20:00,34.938,1.0
2024-06-02 09:20:00,35.562,1.0
2024-06-02 09:21:00,35.219,1.0
2024-06-02 09:21:00,35.062,1.0
2024-06-02 09:22:00,34.156,1.0
2024-06-02 09:22:00,34.156,1.0
2024-06-02 09:23:00,34.094,1.0
2024-06-02 09:23:00,34.875,1.0
2024-06-02 09:24:00,35.594,1.0
2024-06-02 09:24:00,35.062,1.0
2024-06-02 09:25:00,34.75,1.0
2024-06-02 09:25:00,34.625,1.0
2024-06-02 09:26:00,34.156,1.0
2024-06-02 09:26:00,35.406,1.0
2024-06-02 09:27:00,36.688,1.0
2024-06-02 09:27:00,36.281,1.0
2024-06-02 09:28:00,35.938,1.0
2024-06-02 09:28:00,35.469,1.0
2024-06-02 09:29:00,35.125,1.0
2024-06-02 09:29:00,35.688,1.0
2024-06-02 09:30:00,36.031,1.0
2024-06-02 09:30:00,36.312,1.0
2024-06-02 09:31:00,36.469,1.0
2024-06-02 09:31:00,35.719,1.0
2024-06-02 09:32:00,35.719,1.0
2024-06-02 09:32:00,35.906,1.0
2024-06-02 09:33:00,36.625,1.0
2024-06-02 09:33:00,36.781,1.0
2024-06-02 09:34:00,36.531,1.0
2024-06-02 09:34:00,37.125,1.0
2024-06-02 09:35:00,37.312,1.0
2024-06-02 09:35:00,37.969,1.0
2024-06-02 09:36:00,35.156,1.0
2024-06-02 09:36:00,29.75,0.0
2024-06-02 09:37:00,29.875,0.0
2024-06-02 09:37:00,30.312,0.0
2024-06-02 09:38:00,30.469,0.0
2024-06-02 09:38:00,30.375,0.0
2024-06-02 09:39:00,30.656,0.0
2024-06-02 09:39:00,30.031,0.0
2024-06-02 09:40:00,30.156,0.0
2024-06-02 09:40:00,30.688,0.0
2024-06-02 09:41:00,30.531,0.0
2024-06-02 09:41:00,31.281,0.0
2024-06-02 09:42:00,30.781,0.0
2024-06-02 09:42:00,31.094,0.0
2024-06-02 09:43:00,31.344,0.0
2024-06-02 09:43:00,31.469,0.0
2024-06-02 09:44:00,32.125,0.0
2024-06-02 09:44:00,32.344,0.0
2024-06-02 09:45:00,32.031,0.0
2024-06-02 09:45:00,31.719,0.0
2024-06-02 09:46:00,31.656,0.0
2024-06-02 09:46:00,32.25,0.0
2024-06-02 09:47:00,32.312,0.0
2024-06-02 09:47:00,31.969,0.0
2024-06-02 09:48:00,32.531,0.0
2024-06-02 09:48:00,32.5,0.0
2024-06-02 09:49:00,33.531,0.0
2024-06-02 09:49:00,33.312,0.0
2024-06-02 09:50:00,34.062,0.0
2024-06-02 09:50:00,34.344,0.0
2024-06-02 09:51:00,34.625,0.0
2024-06-02 09:51:00,34.938,0.0
2024-06-02 09:52:00,35.188,0.0
2024-06-02 09:52:00,35.156,0.0
2024-06-02 09:53:00,34.625,0.0
2024-06-02 09:53:00,34.75,0.0
2024-06-02 09:54:00,34.75,0.0
2024-06-02 09:54:00,34.875,0.0
2024-06-02 09:55:00,35.219,0.0
2024-06-02 09:55:00,35.094,0.0
2024-06-02 09:56:00,35.406,0.0
2024-06-02 09:56:00,35.562,0.0
2024-06-02 09:57:00,35.938,0.0
2024-06-02 09:57:00,36.031,0.0
2024-06-02 09:58:00,36.094,0.0
2024-06-02 09:58:00,36.219,0.0
2024-06-02 09:59:00,36.469,0.0
2024-06-02 09:59:00,36.5,0.0
2024-06-02 10:00:00,36.406,0.0
2024-06-02 10:00:00,36.5,0.0
2024-06-02 10:01:00,36.812,0.0
2024-06-02 10:01:00,37.031,0.0
2024-06-02 10:02:00,37.188,0.0
2024-06-02 10:02:00,36.906,0.0
2024-06-02 10:03:00,37.594,0.0
2024-06-02 10:03:00,37.812,0.0
2024-06-02 10:04:00,38.0,0.0
2024-06-02 10:04:00,37.969,0.0
2024-06-02 10:05:00,38.438,0.0
2024-06-02 10:05:00,38.438,0.0
2024-06-02 10:06:00,38.469,0.0
2024-06-02 10:06:00,38.312,0.0
2024-06-02 10:07:00,38.469,0.0
2024-06-02 10:07:00,38.375,0.0
2024-06-02 10:08:00,38.5,0.0
2024-06-02 10:08:00,38.594,0.0
2024-06-02 10:09:00,38.719,0.0
2024-06-02 10:09:00,38.781,0.0
2024-06-02 10:10:00,38.656,0.0
2024-06-02 10:10:00,38.75,0.0
2024-06-02 10:11:00,38.75,0.0
2024-06-02 10:11:00,38.719,0.0
2024-06-02 10:12:00,38.969,0.0
2024-06-02 10:12:00,39.375,0.0
2024-06-02 10:13:00,39.625,0.0
2024-06-02 10:13:00,39.969,0.0
2024-06-02 10:14:00,40.0,0.0
2024-06-02 10:14:00,39.875,0.0
2024-06-02 10:15:00,39.969,0.0
2024-06-02 10:15:00,40.031,0.0
2024-06-02 10:16:00,40.188,0.0
2024-06-02 10:16:00,40.406,0.0
2024-06-02 10:17:00,40.531,0.0
2024-06-02 10:17:00,40.812,0.0
2024-06-02 10:18:00,40.906,0.0
2024-06-02 10:18:00,40.688,0.0
2024-06-02 10:19:00,40.75,0.0
2024-06-02 10:19:00,40.812,0.0
2024-06-02 10:20:00,40.688,0.0
2024-06-02 10:20:00,40.469,0.0
2024-06-02 10:21:00,40.469,0.0
2024-06-02 10:21:00,40.312,0.0
2024-06-02 10:22:00,40.125,0.0
2024-06-02 10:22:00,40.0,0.0
2024-06-02 10:23:00,39.812,0.0
2024-06-02 10:23:00,39.562,0.0
2024-06-02 10:24:00,39.688,0.0
2024-06-02 10:24:00,39.125,0.0
2024-06-02 10:25:00,39.312,0.0
2024-06-02 10:25:00,39.156,0.0
2024-06-02 10:26:00,39.5,0.0
2024-06-02 10:26:00,39.438,0.0
2024-06-02 10:27:00,38.969,0.0
2024-06-02 10:27:00,38.875,0.0
2024-06-02 10:28:00,38.688,0.0
2024-06-02 10:28:00,38.562,0.0
2024-06-02 10:29:00,38.281,0.0
2024-06-02 10:29:00,38.219,0.0
2024-06-02 10:30:00,38.281,0.0
2024-06-02 10:30:00,38.312,0.0
2024-06-02 10:31:00,38.188,0.0
2024-06-02 10:31:00,38.406,0.0
2024-06-02 10:32:00,38.594,0.0
2024-06-02 10:32:00,38.969,0.0
2024-06-02 10:33:00,38.656,0.0
2024-06-02 10:33:00,39.094,0.0
2024-06-02 10:34:00,39.125,0.0
2024-06-02 10:34:00,39.281,0.0
2024-06-02 10:35:00,39.281,0.0
2024-06-02 10:35:00,39.156,0.0
2024-06-02 10:36:00,39.062,0.0
2024-06-02 10:36:00,39.062,0.0
2024-06-02 10:37:00,39.469,0.0
2024-06-02 10:37:00,39.156,0.0
2024-06-02 10:38:00,39.312,0.0
2024-06-02 10:38:00,39.781,0.0
2024-06-02 10:39:00,39.875,0.0
2024-06-02 10:39:00,40.031,0.0
2024-06-02 10:40:00,40.031,0.0
2024-06-02 10:40:00,40.156,0.0
2024-06-02 10:41:00,40.469,0.0
2024-06-02 10:41:00,40.531,0.0
2024-06-02 10:42:00,40.656,0.0
2024-06-02 10:42:00,40.781,0.0
2024-06-02 10:43:00,40.688,0.0
2024-06-02 10:43:00,41.062,0.0
2024-06-02 10:44:00,40.688,0.0
2024-06-02 10:44:00,41.031,0.0
2024-06-02 10:45:00,41.0,0.0
2024-06-02 10:45:00,41.156,0.0
2024-06-02 10:46:00,41.125,0.0
2024-06-02 10:46:00,41.469,0.0
2024-06-02 10:47:00,41.344,0.0
2024-06-02 10:47:00,41.375,0.0
2024-06-02 10:48:00,41.406,0.0
2024-06-02 10:48:00,41.656,0.0
2024-06-02 10:49:00,41.688,0.0
2024-06-02 10:49:00,41.938,0.0
2024-06-02 10:50:00,41.625,0.0
2024-06-02 10:50:00,41.531,0.0
2024-06-02 10:51:00,41.812,0.0
2024-06-02 10:51:00,41.781,0.0
2024-06-02 10:52:00,41.812,0.0
2024-06-02 10:52:00,42.0,0.0
2024-06-02 10:53:00,41.562,0.0
2024-06-02 10:53:00,42.062,0.0
2024-06-02 10:54:00,42.031,0.0
2024-06-02 10:54:00,42.125,0.0
2024-06-02 10:55:00,42.188,0.0
2024-06-02 10:55:00,42.719,0.0
2024-06-02 10:56:00,42.75,0.0
2024-06-02 10:56:00,42.875,0.0
2024-06-02 10:57:00,43.094,0.0
2024-06-02 10:57:00,42.625,0.0
2024-06-02 10:58:00,42.75,0.0
2024-06-02 10:58:00,42.969,0.0
2024-06-02 10:59:00,43.094,0.0
2024-06-02 10:59:00,43.125,0.0
2024-06-02 11:00:00,43.094,0.0
2024-06-02 11:00:00,43.281,0.0
2024-06-02 11:01:00,43.125,0.0
2024-06-02 11:01:00,42.906,0.0
2024-06-02 11:02:00,43.188,0.0
2024-06-02 11:02:00,42.969,0.0
2024-06-02 11:03:00,43.062,0.0
2024-06-02 11:03:00,43.25,0.0
2024-06-02 11:04:00,43.25,0.0
2024-06-02 11:04:00,43.062,0.0
2024-06-02 11:05:00,42.844,0.0
2024-06-02 11:05:00,43.125,0.0
2024-06-02 11:06:00,42.938,0.0
2024-06-02 11:06:00,42.688,0.0
2024-06-02 11:07:00,42.562,0.0
2024-06-02 11:07:00,42.594,0.0
2024-06-02 11:08:00,42.469,0.0
2024-06-02 11:08:00,42.531,0.0
2024-06-02 11:09:00,42.625,0.0
2024-06-02 11:09:00,42.594,0.0
2024-06-02 11:10:00,42.344,0.0
2024-06-02 11:10:00,42.531,0.0
2024-06-02 11:11:00,42.469,0.0
2024-06-02 11:11:00,42.469,0.0
2024-06-02 11:12:00,42.469,0.0
2024-06-02 11:12:00,42.25,0.0
2024-06-02 11:13:00,42.25,0.0
2024-06-02 11:13:00,42.094,0.0
2024-06-02 11:14:00,41.75,0.0
2024-06-02 11:14:00,41.656,0.0
2024-06-02 11:15:00,41.75,0.0
2024-06-02 11:15:00,41.25,0.0
2024-06-02 11:16:00,41.125,0.0
2024-06-02 11:16:00,40.938,0.0
2024-06-02 11:17:00,41.344,0.0
2024-06-02 11:17:00,41.0,0.0
2024-06-02 11:18:00,40.781,0.0
2024-06-02 11:18:00,40.375,0.0
2024-06-02 11:19:00,40.125,0.0
2024-06-02 11:19:00,39.812,0.0
2024-06-02 11:20:00,39.906,0.0
2024-06-02 11:20:00,39.781,0.0
2024-06-02 11:21:00,39.344,0.0
2024-06-02 11:21:00,39.281,0.0
2024-06-02 11:22:00,38.969,0.0
2024-06-02 11:22:00,38.812,0.0
2024-06-02 11:23:00,38.875,0.0
2024-06-02 11:23:00,39.188,0.0
2024-06-02 11:24:00,39.25,0.0
2024-06-02 11:24:00,39.312,0.0
2024-06-02 11:25:00,39.031,0.0
2024-06-02 11:25:00,39.156,0.0
2024-06-02 11:26:00,39.156,0.0
2024-06-02 11:26:00,39.312,0.0
2024-06-02 11:27:00,39.5,0.0
2024-06-02 11:27:00,39.438,0.0
2024-06-02 11:28:00,39.531,0.0
2024-06-02 11:28:00,39.344,0.0
2024-06-02 11:29:00,39.406,0.0
2024-06-02 11:29:00,39.562,0.0
2024-06-02 11:30:00,40.094,0.0
2024-06-02 11:30:00,39.812,0.0
2024-06-02 11:31:00,39.812,0.0
2024-06-02 11:31:00,39.781,0.0
2024-06-02 11:32:00,39.469,0.0
2024-06-02 11:32:00,39.281,0.0
2024-06-02 11:33:00,39.25,0.0
2024-06-02 11:33:00,39.25,0.0
2024-06-02 11:34:00,39.312,0.0
2024-06-02 11:34:00,38.875,0.0
2024-06-02 11:35:00,38.656,0.0
2024-06-02 11:35:00,38.562,0.0
2024-06-02 11:36:00,38.719,0.0
2024-06-02 11:36:00,38.312,0.0
2024-06-02 11:37:00,38.25,0.0
2024-06-02 11:37:00,38.312,0.0
2024-06-02 11:38:00,38.219,0.0
2024-06-02 11:38:00,37.938,0.0
2024-06-02 11:39:00,38.0,0.0
2024-06-02 11:39:00,38.188,0.0
2024-06-02 11:40:00,38.5,0.0
2024-06-02 11:40:00,38.625,0.0
2024-06-02 11:41:00,38.719,0.0
2024-06-02 11:41:00,38.844,0.0
2024-06-02 11:42:00,39.062,0.0
2024-06-02 11:42:00,39.188,0.0
2024-06-02 11:43:00,39.438,0.0
2024-06-02 11:43:00,39.531,0.0
2024-06-02 11:44:00,39.531,0.0
2024-06-02 11:44:00,39.656,0.0
2024-06-02 11:45:00,39.344,0.0
2024-06-02 11:45:00,39.5,0.0
2024-06-02 11:46:00,39.781,0.0
2024-06-02 11:46:00,40.0,0.0
2024-06-02 11:47:00,40.0,0.0
2024-06-02 11:47:00,40.125,0.0
2024-06-02 11:48:00,40.219,0.0
2024-06-02 11:48:00,40.219,0.0
2024-06-02 11:49:00,40.094,0.0
2024-06-02 11:49:00,40.125,0.0
2024-06-02 11:50:00,40.094,0.0
2024-06-02 11:50:00,40.156,0.0
2024-06-02 11:51:00,40.312,0.0
2024-06-02 11:51:00,39.812,0.0
2024-06-02 11:52:00,39.812,0.0
2024-06-02 11:52:00,39.656,0.0
2024-06-02 11:53:00,39.75,0.0
2024-06-02 11:53:00,39.719,0.0
2024-06-02 11:54:00,39.156,0.0
2024-06-02 11:54:00,38.906,0.0
2024-06-02 11:55:00,39.0,0.0
2024-06-02 11:55:00,38.906,0.0
2024-06-02 11:56:00,38.438,0.0
2024-06-02 11:56:00,38.562,0.0
2024-06-02 11:57:00,38.312,0.0
2024-06-02 11:57:00,38.0,0.0
2024-06-02 11:58:00,37.688,0.0
2024-06-02 11:58:00,37.688,0.0
2024-06-02 11:59:00,37.219,0.0
2024-06-02 11:59:00,37.0,0.0
2024-06-02 12:00:00,37.219,0.0
2024-06-02 12:00:00,37.188,0.0
2024-06-02 12:01:00,37.25,0.0
2024-06-02 12:01:00,37.844,0.0
2024-06-02 12:02:00,37.312,0.0
2024-06-02 12:02:00,37.125,0.0
2024-06-02 12:03:00,37.125,0.0
2024-06-02 12:03:00,37.219,0.0
2024-06-02 12:04:00,37.375,0.0
2024-06-02 12:04:00,37.312,0.0
2024-06-02 12:05:00,37.375,0.0
2024-06-02 12:05:00,37.438,0.0
2024-06-02 12:06:00,37.0,0.0
2024-06-02 12:06:00,36.594,0.0
2024-06-02 12:07:00,36.344,0.0
2024-06-02 12:07:00,36.219,0.0
2024-06-02 12:08:00,36.062,0.0
2024-06-02 12:08:00,36.188,0.0
2024-06-02 12:09:00,35.719,0.0
2024-06-02 12:09:00,35.5,0.0
2024-06-02 12:10:00,35.594,0.0
2024-06-02 12:10:00,35.906,0.0
2024-06-02 12:11:00,35.75,0.0
2024-06-02 12:11:00,35.5,0.0
2024-06-02 12:12:00,34.531,0.0
2024-06-02 12:12:00,34.594,0.0
2024-06-02 12:13:00,34.844,0.0
2024-06-02 12:13:00,34.625,0.0
2024-06-02 12:14:00,34.469,0.0
2024-06-02 12:14:00,34.562,0.0
2024-06-02 12:15:00,34.562,0.0
2024-06-02 12:15:00,34.562,0.0
2024-06-02 12:16:00,34.469,0.0
2024-06-02 12:16:00,34.75,0.0
2024-06-02 12:17:00,34.812,0.0
2024-06-02 12:17:00,34.25,0.0
2024-06-02 12:18:00,34.75,0.0
2024-06-02 12:18:00,34.219,0.0
2024-06-02 12:19:00,33.438,0.0
2024-06-02 12:19:00,33.312,0.0
2024-06-02 12:20:00,33.406,0.0
2024-06-02 12:20:00,33.25,0.0
2024-06-02 12:21:00,33.625,0.0
2024-06-02 12:21:00,33.625,0.0
2024-06-02 12:22:00,34.031,0.0
2024-06-02 12:22:00,34.562,0.0
2024-06-02 12:23:00,33.5,0.0
2024-06-02 12:23:00,33.562,0.0
2024-06-02 12:24:00,34.062,0.0
2024-06-02 12:24:00,34.5,0.0
2024-06-02 12:25:00,34.531,0.0
2024-06-02 12:25:00,33.906,0.0
2024-06-02 12:26:00,34.531,0.0
2024-06-02 12:26:00,34.562,0.0
2024-06-02 12:27:00,34.0,0.0
2024-06-02 12:27:00,33.812,0.0
2024-06-02 12:28:00,33.625,0.0
2024-06-02 12:28:00,34.031,0.0
2024-06-02 12:29:00,34.531,0.0
2024-06-02 12:29:00,34.5,0.0
2024-06-02 12:30:00,34.438,0.0
2024-06-02 12:30:00,34.188,0.0
2024-06-02 12:31:00,34.031,0.0
2024-06-02 12:31:00,34.0,0.0
2024-06-02 12:32:00,33.344,0.0
2024-06-02 12:32:00,33.781,0.0
2024-06-02 12:33:00,33.938,0.0
2024-06-02 12:33:00,33.688,0.0
2024-06-02 12:34:00,32.812,0.0
2024-06-02 12:34:00,32.281,0.0
2024-06-02 12:35:00,32.594,0.0
2024-06-02 12:35:00,32.25,0.0
2024-06-02 12:36:00,32.531,0.0
2024-06-02 12:36:00,32.812,0.0
2024-06-02 12:37:00,32.375,0.0
2024-06-02 12:37:00,31.844,0.0
2024-06-02 12:38:00,31.344,0.0
2024-06-02 12:38:00,31.031,0.0
2024-06-02 12:39:00,31.531,0.0
2024-06-02 12:39:00,30.75,0.0
2024-06-02 12:40:00,30.844,0.0
2024-06-02 12:40:00,31.125,0.0
2024-06-02 12:41:00,31.031,0.0
2024-06-02 12:41:00,30.781,0.0
2024-06-02 12:42:00,30.688,0.0
2024-06-02 12:42:00,29.75,0.0
2024-06-02 12:43:00,29.938,0.0
2024-06-02 12:43:00,29.75,0.0
2024-06-02 12:44:00,29.75,0.0
2024-06-02 12:44:00,29.219,0.0
2024-06-02 12:45:00,29.125,0.0
2024-06-02 12:45:00,28.75,0.0
2024-06-02 12:46:00,29.281,0.0
2024-06-02 12:46:00,29.938,0.0
2024-06-02 12:47:00,29.625,0.0
2024-06-02 12:47:00,28.656,0.0
2024-06-02 12:48:00,28.938,0.0
2024-06-02 12:48:00,29.781,0.0
2024-06-02 12:49:00,30.688,0.0
2024-06-02 12:49:00,29.875,0.0
2024-06-02 12:50:00,29.281,0.0
2024-06-02 12:50:00,29.531,0.0
2024-06-02 12:51:00,29.281,0.0
2024-06-02 12:51:00,28.062,0.0
2024-06-02 12:52:00,28.094,0.0
2024-06-02 12:52:00,27.594,0.0
2024-06-02 12:53:00,26.969,0.0
2024-06-02 12:53:00,26.406,0.0
2024-06-02 12:54:00,26.594,0.0
2024-06-02 12:54:00,26.125,0.0
2024-06-02 12:55:00,26.156,0.0
2024-06-02 12:55:00,26.406,0.0
2024-06-02 17:49:00,24.594,0.0
2024-06-02 17:49:00,24.812,0.0
2024-06-02 17:50:00,24.312,0.0
2024-06-02 17:50:00,23.844,0.0
2024-06-02 17:51:00,24.844,0.0
2024-06-02 17:51:00,25.219,0.0
2024-06-02 17:52:00,24.969,0.0
2024-06-02 17:52:00,25.594,0.0
2024-06-02 17:53:00,25.812,0.0
2024-06-02 17:53:00,25.156,0.0
2024-06-02 17:54:00,25.188,0.0
2024-06-02 17:54:00,26.125,0.0
2024-06-02 17:55:00,26.375,0.0
2024-06-02 17:55:00,26.156,0.0
2024-06-02 17:56:00,26.156,0.0
2024-06-02 17:56:00,26.906,0.0
2024-06-02 17:57:00,27.125,0.0
2024-06-02 17:57:00,26.688,0.0
2024-06-02 17:58:00,27.031,0.0
2024-06-02 17:58:00,27.75,0.0
2024-06-02 17:59:00,28.5,0.0
2024-06-02 17:59:00,28.281,0.0
2024-06-02 18:00:00,28.094,0.0
2024-06-02 18:00:00,28.812,0.0
2024-06-02 18:01:00,28.406,0.0
2024-06-02 18:01:00,28.219,0.0
2024-06-02 18:02:00,28.625,0.0
2024-06-02 18:02:00,28.75,0.0
2024-06-02 18:03:00,28.562,0.0
2024-06-02 18:03:00,28.156,0.0
2024-06-02 18:04:00,28.031,0.0
2024-06-02 18:04:00,28.594,0.0
2024-06-02 18:05:00,28.438,0.0
2024-06-02 18:05:00,28.219,0.0
2024-06-02 18:06:00,28.938,0.0
2024-06-02 18:06:00,28.531,0.0
2024-06-02 18:07:00,28.812,0.0
2024-06-02 18:07:00,28.688,0.0
2024-06-02 18:08:00,29.031,0.0
2024-06-02 18:08:00,28.875,0.0
2024-06-02 18:09:00,30.0,0.0
2024-06-02 18:09:00,29.656,0.0
2024-06-02 18:10:00,30.438,0.0
2024-06-02 18:10:00,30.5,0.0
2024-06-02 18:11:00,30.469,0.0
2024-06-02 18:11:00,30.938,0.0
2024-06-02 18:12:00,30.281,0.0
2024-06-02 18:12:00,29.969,0.0
2024-06-02 18:13:00,30.375,0.0
2024-06-02 18:13:00,30.0,0.0
2024-06-02 18:14:00,29.844,0.0
2024-06-02 18:14:00,30.25,0.0
2024-06-02 18:15:00,29.875,0.0
2024-06-02 18:15:00,30.5,0.0
2024-06-02 18:16:00,30.062,0.0
2024-06-02 18:16:00,30.656,0.0
2024-06-02 18:17:00,30.75,0.0
2024-06-02 18:17:00,31.031,0.0
2024-06-02 18:18:00,31.562,0.0
2024-06-02 18:18:00,31.656,0.0
2024-06-02 18:19:00,32.062,0.0
2024-06-02 18:19:00,31.906,0.0
2024-06-02 18:20:00,32.125,0.0
2024-06-02 18:20:00,32.406,0.0
2024-06-02 18:21:00,32.0,0.0
2024-06-02 18:21:00,32.562,0.0
2024-06-02 18:22:00,31.688,0.0
2024-06-02 18:22:00,32.281,0.0
2024-06-02 18:23:00,31.469,0.0
2024-06-02 18:23:00,32.062,0.0
2024-06-02 18:24:00,32.219,0.0
2024-06-02 18:24:00,32.031,0.0
2024-06-02 18:25:00,32.312,0.0
2024-06-02 18:25:00,32.406,0.0
2024-06-02 18:26:00,32.688,0.0
2024-06-02 18:26:00,32.375,0.0
2024-06-02 18:27:00,32.469,0.0
2024-06-02 18:27:00,32.438,0.0
2024-06-02 18:28:00,32.469,0.0
2024-06-02 18:28:00,32.75,0.0
2024-06-02 18:29:00,32.719,0.0
2024-06-02 18:29:00,32.5,0.0
2024-06-02 18:30:00,32.031,0.0
2024-06-02 18:30:00,31.406,0.0
2024-06-02 18:31:00,31.219,0.0
2024-06-02 18:31:00,30.719,0.0
2024-06-02 18:32:00,30.531,0.0
2024-06-02 18:32:00,30.312,0.0
2024-06-02 18:33:00,30.281,0.0
2024-06-02 18:33:00,29.781,0.0
2024-06-02 18:34:00,29.188,0.0
2024-06-02 18:34:00,29.156,0.0
2024-06-02 18:35:00,29.031,0.0
2024-06-02 18:35:00,28.5,0.0
2024-06-02 18:36:00,28.875,0.0
2024-06-02 18:36:00,28.438,0.0
2024-06-02 18:37:00,27.5,0.0
2024-06-02 18:37:00,27.375,0.0
2024-06-02 18:38:00,27.469,0.0
2024-06-02 18:38:00,27.844,0.0
2024-06-02 18:39:00,28.062,0.0
2024-06-02 18:39:00,28.844,0.0
2024-06-02 18:40:00,29.562,0.0
2024-06-02 18:40:00,29.469,0.0
2024-06-02 18:41:00,29.906,0.0
2024-06-02 18:41:00,30.188,0.0
2024-06-02 18:42:00,29.781,0.0
2024-06-02 18:42:00,30.0,0.0
2024-06-02 18:43:00,29.719,0.0
2024-06-02 18:43:00,30.438,0.0
2024-06-02 18:44:00,29.688,0.0
2024-06-02 18:44:00,30.125,0.0
2024-06-02 18:45:00,30.281,0.0
2024-06-02 18:45:00,30.5,0.0
2024-06-02 18:46:00,30.469,0.0
2024-06-02 18:46:00,30.594,0.0
2024-06-02 18:47:00,30.469,0.0
2024-06-02 18:47:00,30.469,0.0
2024-06-02 18:48:00,30.375,0.0
2024-06-02 18:48:00,30.312,0.0
2024-06-02 18:49:00,30.406,0.0
2024-06-02 18:49:00,30.75,0.0
2024-06-02 18:50:00,31.25,0.0
2024-06-02 18:50:00,30.781,0.0
2024-06-02 18:51:00,31.156,0.0
2024-06-02 18:51:00,30.656,0.0
2024-06-02 18:52:00,30.375,0.0
2024-06-02 18:52:00,30.875,0.0
2024-06-02 18:53:00,30.406,0.0
2024-06-02 18:53:00,30.188,0.0
2024-06-02 18:54:00,29.75,0.0
2024-06-02 18:54:00,30.219,0.0
2024-06-02 18:55:00,30.344,0.0
2024-06-02 18:55:00,30.781,0.0
2024-06-02 18:56:00,31.438,0.0
2024-06-02 18:56:00,31.156,0.0
2024-06-02 18:57:00,30.969,0.0
2024-06-02 18:57:00,31.688,0.0
2024-06-02 18:58:00,32.094,0.0
2024-06-02 18:58:00,32.188,0.0
2024-06-02 18:59:00,32.688,0.0
2024-06-02 18:59:00,32.656,0.0
2024-06-02 19:00:00,32.438,0.0
2024-06-02 19:00:00,32.844,0.0
2024-06-02 19:01:00,33.375,0.0
2024-06-02 19:01:00,33.188,0.0
2024-06-02 19:02:00,33.719,0.0
2024-06-02 19:02:00,33.969,0.0
2024-06-02 19:03:00,34.312,0.0
2024-06-02 19:03:00,33.688,0.0
2024-06-02 19:04:00,33.531,0.0
2024-06-02 19:04:00,33.375,0.0
2024-06-02 19:05:00,33.594,0.0
2024-06-02 19:05:00,33.438,0.0
2024-06-02 19:06:00,33.594,0.0
2024-06-02 19:06:00,33.906,0.0
2024-06-02 19:07:00,33.938,0.0
2024-06-02 19:07:00,34.188,0.0
2024-06-02 19:08:00,34.5,0.0
2024-06-02 19:08:00,34.312,0.0
2024-06-02 19:09:00,34.375,0.0
2024-06-02 19:09:00,34.188,0.0
2024-06-02 19:10:00,34.5,0.0
2024-06-02 19:10:00,34.531,0.0
2024-06-02 19:11:00,33.938,0.0
2024-06-02 19:11:00,33.75,0.0
2024-06-02 19:12:00,33.75,0.0
2024-06-02 19:12:00,33.156,0.0
2024-06-02 19:13:00,33.0,0.0
2024-06-02 19:13:00,33.094,0.0
2024-06-02 19:14:00,32.844,0.0
2024-06-02 19:14:00,32.562,0.0
2024-06-02 19:15:00,32.188,0.0
2024-06-02 19:15:00,31.719,0.0
2024-06-02 19:16:00,31.719,0.0
2024-06-02 19:16:00,32.031,0.0
2024-06-02 19:17:00,31.875,0.0
2024-06-02 19:17:00,32.25,0.0
2024-06-02 19:18:00,32.719,0.0
2024-06-02 19:18:00,32.688,0.0
2024-06-02 19:19:00,32.781,0.0
2024-06-02 19:19:00,33.062,0.0
2024-06-02 19:20:00,33.125,0.0
2024-06-02 19:20:00,33.125,0.0
2024-06-02 19:21:00,32.938,0.0
2024-06-02 19:21:00,32.688,0.0
2024-06-02 19:22:00,31.875,0.0
2024-06-02 19:22:00,31.688,0.0
2024-06-02 19:23:00,31.438,0.0
2024-06-02 19:23:00,31.031,0.0
2024-06-02 19:24:00,30.812,0.0
2024-06-02 19:24:00,30.625,0.0
2024-06-02 19:25:00,30.875,0.0
2024-06-02 19:25:00,30.781,0.0
2024-06-02 19:26:00,30.844,0.0
2024-06-02 19:26:00,30.625,0.0
2024-06-02 19:27:00,30.5,0.0
2024-06-02 19:27:00,30.469,0.0
2024-06-03 09:14:00,34.406,1.0
2024-06-03 09:15:00,34.156,1.0
2024-06-03 09:15:00,34.562,1.0
2024-06-03 09:16:00,35.375,1.0
2024-06-03 09:16:00,34.781,1.0
2024-06-03 09:17:00,35.031,1.0
2024-06-03 09:17:00,34.781,1.0
2024-06-03 09:18:00,34.25,1.0
2024-06-03 09:18:00,33.906,1.0
2024-06-03 09:19:00,34.594,1.0
2024-06-03 09:19:00,35.0,1.0
2024-06-03 09:20:00,35.656,1.0
2024-06-03 09:20:00,34.5,1.0
2024-06-03 09:21:00,34.812,1.0
2024-06-03 09:21:00,34.406,1.0
2024-06-03 09:22:00,34.344,1.0
2024-06-03 09:22:00,36.031,1.0
2024-06-03 09:23:00,36.625,1.0
2024-06-03 09:23:00,36.438,1.0
2024-06-03 09:24:00,35.75,1.0
2024-06-03 09:24:00,35.156,1.0
2024-06-03 09:25:00,35.5,1.0
2024-06-03 09:25:00,35.531,1.0
2024-06-03 09:26:00,36.094,1.0
2024-06-03 09:26:00,36.344,1.0
2024-06-03 09:27:00,36.188,1.0
2024-06-03 09:27:00,35.656,1.0
2024-06-03 09:28:00,36.125,1.0
2024-06-03 09:28:00,35.625,1.0
2024-06-03 09:29:00,36.719,1.0
2024-06-03 09:29:00,36.844,1.0
2024-06-03 09:30:00,36.938,1.0
2024-06-03 09:30:00,37.438,1.0
2024-06-03 09:31:00,37.781,1.0
2024-06-03 09:31:00,37.844,1.0
2024-06-03 09:32:00,37.75,1.0
2024-06-03 09:32:00,38.406,1.0
2024-06-03 09:33:00,38.531,1.0
2024-06-03 09:33:00,38.594,1.0
2024-06-03 09:34:00,38.75,1.0
2024-06-03 09:34:00,39.125,1.0
2024-06-03 09:35:00,38.781,1.0
2024-06-03 09:35:00,38.938,1.0
2024-06-03 09:36:00,37.031,1.0
2024-06-03 09:36:00,30.719,0.0
2024-06-03 09:37:00,31.094,0.0
2024-06-03 09:37:00,31.312,0.0
2024-06-03 09:38:00,31.125,0.0
2024-06-03 09:38:00,31.688,0.0
2024-06-03 09:39:00,31.406,0.0
2024-06-03 09:39:00,31.906,0.0
2024-06-03 09:40:00,32.156,0.0
2024-06-03 09:40:00,32.312,0.0
2024-06-03 09:41:00,32.125,0.0
2024-06-03 09:41:00,31.969,0.0
2024-06-03 09:42:00,31.594,0.0
2024-06-03 09:42:00,32.188,0.0
2024-06-03 09:43:00,32.406,0.0
2024-06-03 09:43:00,32.375,0.0
2024-06-03 09:44:00,33.031,0.0
2024-06-03 09:44:00,33.125,0.0
2024-06-03 09:45:00,33.281,0.0
2024-06-03 09:45:00,34.062,0.0
2024-06-03 09:46:00,34.375,0.0
2024-06-03 09:46:00,34.219,0.0
2024-06-03 09:47:00,34.562,0.0
2024-06-03 09:47:00,34.812,0.0
2024-06-03 09:48:00,34.938,0.0
2024-06-03 09:48:00,35.312,0.0
2024-06-03 09:49:00,34.625,0.0
2024-06-03 09:49:00,34.469,0.0
2024-06-03 09:50:00,35.125,0.0
2024-06-03 09:50:00,35.062,0.0
2024-06-03 09:51:00,35.094,0.0
2024-06-03 09:51:00,35.188,0.0
2024-06-03 09:52:00,35.469,0.0
2024-06-03 09:52:00,35.875,0.0
2024-06-03 09:53:00,35.969,0.0
2024-06-03 09:53:00,35.875,0.0
2024-06-03 09:54:00,36.031,0.0
2024-06-03 09:54:00,36.25,0.0
2024-06-03 09:55:00,36.562,0.0
2024-06-03 09:55:00,36.344,0.0
2024-06-03 09:56:00,36.844,0.0
2024-06-03 09:56:00,36.562,0.0
2024-06-03 09:57:00,36.75,0.0
2024-06-03 09:57:00,37.188,0.0
2024-06-03 09:58:00,37.5,0.0
2024-06-03 09:58:00,37.438,0.0
2024-06-03 09:59:00,37.562,0.0
2024-06-03 09:59:00,37.562,0.0
2024-06-03 10:00:00,37.844,0.0
2024-06-03 10:00:00,38.062,0.0
2024-06-03 10:01:00,38.312,0.0
2024-06-03 10:01:00,38.562,0.0
2024-06-03 10:02:00,38.531,0.0
2024-06-03 10:02:00,38.531,0.0
2024-06-03 10:03:00,38.531,0.0
2024-06-03 10:03:00,38.562,0.0
2024-06-03 10:04:00,38.688,0.0
2024-06-03 10:04:00,38.719,0.0
2024-06-03 10:05:00,38.625,0.0
2024-06-03 10:05:00,38.969,0.0
2024-06-03 10:06:00,39.031,0.0
2024-06-03 10:06:00,38.906,0.0
2024-06-03 10:07:00,38.812,0.0
2024-06-03 10:07:00,39.094,0.0
2024-06-03 10:08:00,39.031,0.0
2024-06-03 10:08:00,39.312,0.0
2024-06-03 10:09:00,39.344,0.0
2024-06-03 10:09:00,39.812,0.0
2024-06-03 10:10:00,40.0,0.0
2024-06-03 10:10:00,39.75,0.0
2024-06-03 10:11:00,40.25,0.0
2024-06-03 10:11:00,40.375,0.0
2024-06-03 10:12:00,40.375,0.0
2024-06-03 10:12:00,40.25,0.0
2024-06-03 10:13:00,40.812,0.0
2024-06-03 10:13:00,40.812,0.0
2024-06-03 10:14:00,40.781,0.0
2024-06-03 10:14:00,40.875,0.0
2024-06-03 10:15:00,40.688,0.0
2024-06-03 10:15:00,40.875,0.0
2024-06-03 10:16:00,40.719,0.0
2024-06-03 10:16:00,40.375,0.0
2024-06-03 10:17:00,40.344,0.0
2024-06-03 10:17:00,40.375,0.0
2024-06-03 10:18:00,40.25,0.0
2024-06-03 10:18:00,39.906,0.0
2024-06-03 10:19:00,39.438,0.0
2024-06-03 10:19:00,39.344,0.0
2024-06-03 10:20:00,39.812,0.0
2024-06-03 10:20:00,39.688,0.0
2024-06-03 10:21:00,39.531,0.0
2024-06-03 10:21:00,39.438,0.0
2024-06-03 10:22:00,39.688,0.0
2024-06-03 10:22:00,39.281,0.0
2024-06-03 10:23:00,39.375,0.0
2024-06-03 10:23:00,39.25,0.0
2024-06-03 10:24:00,39.094,0.0
2024-06-03 10:24:00,38.594,0.0
2024-06-03 10:25:00,38.375,0.0
2024-06-03 10:25:00,38.438,0.0
2024-06-03 10:26:00,38.5,0.0
2024-06-03 10:26:00,38.531,0.0
2024-06-03 10:27:00,38.469,0.0
2024-06-03 10:27:00,38.594,0.0
2024-06-03 10:28:00,38.844,0.0
2024-06-03 10:28:00,39.0,0.0
2024-06-03 10:29:00,39.156,0.0
2024-06-03 10:29:00,39.469,0.0
2024-06-03 10:30:00,39.031,0.0
2024-06-03 10:30:00,38.844,0.0
2024-06-03 10:31:00,38.906,0.0
2024-06-03 10:31:00,38.875,0.0
2024-06-03 10:32:00,39.062,0.0
2024-06-03 10:32:00,39.125,0.0
2024-06-03 10:33:00,39.125,0.0
2024-06-03 10:33:00,39.219,0.0
2024-06-03 10:34:00,39.312,0.0
2024-06-03 10:34:00,39.719,0.0
2024-06-03 10:35:00,39.812,0.0
2024-06-03 10:35:00,40.156,0.0
2024-06-03 10:36:00,40.375,0.0
2024-06-03 10:36:00,40.344,0.0
2024-06-03 10:37:00,40.344,0.0
2024-06-03 10:37:00,40.375,0.0
2024-06-03 10:38:00,40.531,0.0
2024-06-03 10:38:00,40.562,0.0
2024-06-03 10:39:00,40.5,0.0
2024-06-03 10:39:00,40.5,0.0
2024-06-03 10:40:00,40.688,0.0
2024-06-03 10:40:00,41.094,0.0
2024-06-03 10:41:00,41.062,0.0
2024-06-03 10:41:00,41.125,0.0
2024-06-03 10:42:00,41.344,0.0
2024-06-03 10:42:00,41.438,0.0
2024-06-03 10:43:00,41.562,0.0
2024-06-03 10:43:00,41.312,0.0
2024-06-03 10:44:00,41.5,0.0
2024-06-03 10:44:00,41.375,0.0
2024-06-03 10:45:00,41.406,0.0
2024-06-03 10:45:00,41.531,0.0
2024-06-03 10:46:00,41.75,0.0
2024-06-03 10:46:00,41.844,0.0
2024-06-03 10:47:00,41.594,0.0
2024-06-03 10:47:00,41.938,0.0
2024-06-03 10:48:00,41.625,0.0
2024-06-03 10:48:00,41.531,0.0
2024-06-03 10:49:00,41.781,0.0
2024-06-03 10:49:00,41.812,0.0
2024-06-03 10:50:00,41.562,0.0
2024-06-03 10:50:00,42.0,0.0
2024-06-03 10:51:00,41.906,0.0
2024-06-03 10:51:00,42.031,0.0
2024-06-03 10:52:00,42.281,0.0
2024-06-03 10:52:00,42.312,0.0
2024-06-03 10:53:00,42.375,0.0
2024-06-03 10:53:00,42.562,0.0
2024-06-03 10:54:00,42.719,0.0
2024-06-03 10:54:00,42.844,0.0
2024-06-03 10:55:00,43.0,0.0
2024-06-03 10:55:00,42.906,0.0
2024-06-03 10:56:00,42.906,0.0
2024-06-03 10:56:00,42.906,0.0
2024-06-03 10:57:00,42.594,0.0
2024-06-03 10:57:00,42.625,0.0
2024-06-03 10:58:00,42.625,0.0
2024-06-03 10:58:00,42.875,0.0
2024-06-03 10:59:00,43.062,0.0
2024-06-03 10:59:00,43.125,0.0
2024-06-03 11:00:00,42.906,0.0
2024-06-03 11:00:00,42.812,0.0
2024-06-03 11:01:00,42.656,0.0
2024-06-03 11:01:00,42.906,0.0
2024-06-03 11:02:00,42.562,0.0
2024-06-03 11:02:00,42.594,0.0
2024-06-03 11:03:00,42.5,0.0
2024-06-03 11:03:00,42.375,0.0
2024-06-03 11:04:00,42.656,0.0
2024-06-03 11:04:00,42.5,0.0
2024-06-03 11:05:00,42.406,0.0
2024-06-03 11:05:00,42.406,0.0
2024-06-03 11:06:00,42.344,0.0
2024-06-03 11:06:00,42.438,0.0
2024-06-03 11:07:00,42.375,0.0
2024-06-03 11:07:00,42.25,0.0
2024-06-03 11:08:00,42.156,0.0
2024-06-03 11:08:00,42.125,0.0
2024-06-03 11:09:00,41.75,0.0
2024-06-03 11:09:00,41.719,0.0
2024-06-03 11:10:00,41.438,0.0
2024-06-03 11:10:00,41.438,0.0
2024-06-03 11:11:00,41.375,0.0
2024-06-03 11:11:00,41.094,0.0
2024-06-03 11:12:00,40.781,0.0
2024-06-03 11:12:00,40.656,0.0
2024-06-03 11:13:00,40.594,0.0
2024-06-03 11:13:00,40.656,0.0
2024-06-03 11:14:00,40.531,0.0
2024-06-03 11:14:00,40.375,0.0
2024-06-03 11:15:00,39.906,0.0
2024-06-03 11:15:00,39.906,0.0
2024-06-03 11:16:00,39.844,0.0
2024-06-03 11:16:00,39.812,0.0
2024-06-03 11:17:00,39.344,0.0
2024-06-03 11:17:00,39.0,0.0
2024-06-03 11:18:00,38.656,0.0
2024-06-03 11:18:00,38.688,0.0
2024-06-03 11:19:00,38.625,0.0
2024-06-03 11:19:00,38.562,0.0
2024-06-03 11:20:00,38.688,0.0
2024-06-03 11:20:00,38.969,0.0
2024-06-03 11:21:00,39.219,0.0
2024-06-03 11:21:00,39.031,0.0
2024-06-03 11:22:00,38.875,0.0
2024-06-03 11:22:00,38.969,0.0
2024-06-03 11:23:00,39.281,0.0
2024-06-03 11:23:00,39.375,0.0
2024-06-03 11:24:00,39.312,0.0
2024-06-03 11:24:00,39.25,0.0
2024-06-03 11:25:00,39.25,0.0
2024-06-03 11:25:00,39.531,0.0
2024-06-03 11:26:00,39.844,0.0
2024-06-03 11:26:00,39.719,0.0
2024-06-03 11:27:00,39.594,0.0
2024-06-03 11:27:00,39.656,0.0
2024-06-03 11:28:00,39.281,0.0
2024-06-03 11:28:00,39.281,0.0
2024-06-03 11:29:00,38.75,0.0
2024-06-03 11:29:00,38.875,0.0
2024-06-03 11:30:00,38.719,0.0
2024-06-03 11:30:00,38.469,0.0
2024-06-03 11:31:00,38.594,0.0
2024-06-03 11:31:00,38.438,0.0
2024-06-03 11:32:00,38.281,0.0
2024-06-03 11:32:00,38.094,0.0
2024-06-03 11:33:00,38.219,0.0
2024-06-03 11:33:00,38.219,0.0
2024-06-03 11:34:00,38.125,0.0
2024-06-03 11:34:00,37.781,0.0
2024-06-03 11:35:00,37.781,0.0
2024-06-03 11:35:00,38.156,0.0
2024-06-03 11:36:00,38.281,0.0
2024-06-03 11:36:00,38.469,0.0
2024-06-03 11:37:00,38.719,0.0
2024-06-03 11:37:00,38.875,0.0
2024-06-03 11:38:00,39.062,0.0
2024-06-03 11:38:00,39.219,0.0
2024-06-03 11:39:00,39.375,0.0
2024-06-03 11:39:00,39.5,0.0
2024-06-03 11:40:00,39.531,0.0
2024-06-03 11:40:00,39.656,0.0
2024-06-03 11:41:00,39.188,0.0
2024-06-03 11:41:00,39.406,0.0
2024-06-03 11:42:00,39.938,0.0
2024-06-03 11:42:00,40.031,0.0
2024-06-03 11:43:00,39.906,0.0
2024-06-03 11:43:00,39.781,0.0
2024-06-03 11:44:00,39.938,0.0
2024-06-03 11:44:00,40.406,0.0
2024-06-03 11:45:00,40.406,0.0
2024-06-03 11:45:00,40.125,0.0
2024-06-03 11:46:00,40.031,0.0
2024-06-03 11:46:00,39.781,0.0
2024-06-03 11:47:00,39.812,0.0
2024-06-03 11:47:00,39.688,0.0
2024-06-03 11:48:00,39.656,0.0
2024-06-03 11:48:00,39.562,0.0
2024-06-03 11:49:00,39.219,0.0
2024-06-03 11:49:00,39.5,0.0
2024-06-03 11:50:00,38.969,0.0
2024-06-03 11:50:00,38.75,0.0
2024-06-03 11:51:00,38.688,0.0
2024-06-03 11:51:00,38.5,0.0
2024-06-03 11:52:00,38.438,0.0
2024-06-03 11:52:00,38.469,0.0
2024-06-03 11:53:00,38.125,0.0
2024-06-03 11:53:00,37.812,0.0
2024-06-03 11:54:00,37.312,0.0
2024-06-03 11:54:00,37.594,0.0
2024-06-03 11:55:00,37.438,0.0
2024-06-03 11:55:00,37.156,0.0
2024-06-03 11:56:00,37.094,0.0
2024-06-03 11:56:00,37.031,0.0
2024-06-03 11:57:00,37.5,0.0
2024-06-03 11:57:00,37.625,0.0
2024-06-03 11:58:00,37.531,0.0
2024-06-03 11:58:00,37.438,0.0
2024-06-03 11:59:00,36.969,0.0
2024-06-03 11:59:00,37.219,0.0
2024-06-03 12:00:00,37.594,0.0
2024-06-03 12:00:00,37.469,0.0
2024-06-03 12:01:00,37.656,0.0
2024-06-03 12:01:00,37.594,0.0
2024-06-03 12:02:00,36.938,0.0
2024-06-03 12:02:00,36.594,0.0
2024-06-03 12:03:00,36.5,0.0
2024-06-03 12:03:00,36.25,0.0
2024-06-03 12:04:00,36.375,0.0
2024-06-03 12:04:00,36.125,0.0
2024-06-03 12:05:00,35.656,0.0
2024-06-03 12:05:00,35.5,0.0
2024-06-03 12:06:00,35.906,0.0
2024-06-03 12:06:00,35.969,0.0
2024-06-03 12:07:00,36.125,0.0
2024-06-03 12:07:00,35.156,0.0
2024-06-03 12:08:00,34.938,0.0
2024-06-03 12:08:00,35.031,0.0
2024-06-03 12:09:00,35.125,0.0
2024-06-03 12:09:00,35.031,0.0
2024-06-03 12:10:00,34.531,0.0
2024-06-03 12:10:00,34.688,0.0
2024-06-03 12:11:00,34.688,0.0
2024-06-03 12:11:00,34.75,0.0
2024-06-03 12:12:00,34.812,0.0
2024-06-03 12:12:00,34.906,0.0
2024-06-03 12:13:00,34.812,0.0
2024-06-03 12:13:00,34.281,0.0
2024-06-03 12:14:00,34.625,0.0
2024-06-03 12:14:00,34.219,0.0
2024-06-03 12:15:00,33.906,0.0
2024-06-03 12:15:00,33.281,0.0
2024-06-03 12:16:00,33.219,0.0
2024-06-03 12:16:00,33.625,0.0
2024-06-03 12:17:00,33.25,0.0
2024-06-03 12:17:00,33.625,0.0
2024-06-03 12:18:00,34.156,0.0
2024-06-03 12:18:00,34.5,0.0
2024-06-03 12:19:00,33.375,0.0
2024-06-03 12:19:00,33.375,0.0
2024-06-03 12:20:00,34.0,0.0
2024-06-03 12:20:00,34.531,0.0
2024-06-03 12:21:00,34.375,0.0
2024-06-03 12:21:00,34.281,0.0
2024-06-03 12:22:00,34.375,0.0
2024-06-03 12:22:00,34.781,0.0
2024-06-03 12:23:00,34.25,0.0
2024-06-03 12:23:00,33.906,0.0
2024-06-03 12:24:00,34.0,0.0
2024-06-03 12:24:00,34.156,0.0
2024-06-03 12:25:00,34.406,0.0
2024-06-03 12:25:00,34.531,0.0
2024-06-03 12:26:00,34.719,0.0
2024-06-03 12:26:00,34.531,0.0
2024-06-03 12:27:00,34.188,0.0
2024-06-03 12:27:00,34.031,0.0
2024-06-03 12:28:00,33.438,0.0
2024-06-03 12:28:00,34.0,0.0
2024-06-03 12:29:00,33.625,0.0
2024-06-03 12:29:00,33.594,0.0
2024-06-03 12:30:00,32.969,0.0
2024-06-03 12:30:00,32.375,0.0
2024-06-03 12:31:00,32.5,0.0
2024-06-03 12:31:00,32.656,0.0
2024-06-03 12:32:00,32.969,0.0
2024-06-03 12:32:00,33.094,0.0
2024-06-03 12:33:00,32.5,0.0
2024-06-03 12:33:00,32.625,0.0
2024-06-03 12:34:00,31.969,0.0
2024-06-03 12:34:00,31.562,0.0
2024-06-03 12:35:00,31.812,0.0
2024-06-03 12:35:00,30.781,0.0
2024-06-03 12:36:00,30.938,0.0
2024-06-03 12:36:00,31.188,0.0
2024-06-03 12:37:00,30.812,0.0
2024-06-03 12:37:00,30.656,0.0
2024-06-03 12:38:00,30.062,0.0
2024-06-03 12:38:00,29.438,0.0
2024-06-03 12:39:00,29.812,0.0
2024-06-03 12:39:00,30.344,0.0
2024-06-03 12:40:00,30.156,0.0
2024-06-03 12:40:00,30.125,0.0
2024-06-03 12:41:00,29.562,0.0
2024-06-03 12:41:00,29.031,0.0
2024-06-03 12:42:00,29.719,0.0
2024-06-03 12:42:00,30.188,0.0
2024-06-03 12:43:00,29.656,0.0
2024-06-03 12:43:00,28.812,0.0
2024-06-03 12:44:00,29.594,0.0
2024-06-03 12:44:00,30.719,0.0
2024-06-03 12:45:00,30.438,0.0
2024-06-03 12:45:00,29.562,0.0
2024-06-03 12:46:00,29.344,0.0
2024-06-03 12:46:00,29.469,0.0
2024-06-03 12:47:00,29.25,0.0
2024-06-03 12:47:00,28.25,0.0
2024-06-03 12:48:00,27.625,0.0
2024-06-03 12:48:00,27.531,0.0
2024-06-03 12:49:00,26.906,0.0
2024-06-03 12:49:00,26.594,0.0
2024-06-03 12:50:00,26.469,0.0
2024-06-03 12:50:00,26.469,0.0
2024-06-03 12:51:00,26.125,0.0
2024-06-03 12:51:00,26.688,0.0
2024-06-03 17:45:00,24.781,0.0
2024-06-03 17:45:00,24.75,0.0
2024-06-03 17:46:00,24.438,0.0
2024-06-03 17:46:00,24.031,0.0
2024-06-03 17:47:00,25.469,0.0
2024-06-03 17:47:00,25.531,0.0
2024-06-03 17:48:00,24.875,0.0
2024-06-03 17:48:00,25.688,0.0
2024-06-03 17:49:00,25.844,0.0
2024-06-03 17:49:00,25.25,0.0
2024-06-03 17:50:00,25.312,0.0
2024-06-03 17:50:00,26.188,0.0
2024-06-03 17:51:00,26.25,0.0
2024-06-03 17:51:00,26.188,0.0
2024-06-03 17:52:00,26.281,0.0
2024-06-03 17:52:00,26.531,0.0
2024-06-03 17:53:00,27.5,0.0
2024-06-03 17:53:00,27.094,0.0
2024-06-03 17:54:00,27.094,0.0
2024-06-03 17:54:00,28.031,0.0
2024-06-03 17:55:00,28.594,0.0
2024-06-03 17:55:00,28.188,0.0
2024-06-03 17:56:00,28.719,0.0
2024-06-03 17:56:00,29.156,0.0
2024-06-03 17:57:00,28.969,0.0
2024-06-03 17:57:00,28.969,0.0
2024-06-03 17:58:00,28.969,0.0
2024-06-03 17:58:00,29.25,0.0
2024-06-03 17:59:00,28.906,0.0
2024-06-03 17:59:00,28.219,0.0
2024-06-03 18:00:00,28.531,0.0
2024-06-03 18:00:00,29.25,0.0
2024-06-03 18:01:00,28.375,0.0
2024-06-03 18:01:00,28.688,0.0
2024-06-03 18:02:00,28.625,0.0
2024-06-03 18:02:00,28.625,0.0
2024-06-03 18:03:00,28.5,0.0
2024-06-03 18:03:00,29.281,0.0
2024-06-03 18:04:00,29.219,0.0
2024-06-03 18:04:00,29.25,0.0
2024-06-03 18:05:00,29.625,0.0
2024-06-03 18:05:00,29.688,0.0
2024-06-03 18:06:00,30.719,0.0
2024-06-03 18:06:00,30.531,0.0
2024-06-03 18:07:00,30.156,0.0
2024-06-03 18:07:00,30.688,0.0
2024-06-03 18:08:00,30.531,0.0
2024-06-03 18:08:00,30.344,0.0
2024-06-03 18:09:00,30.438,0.0
2024-06-03 18:09:00,29.656,0.0
2024-06-03 18:10:00,30.125,0.0
2024-06-03 18:10:00,30.312,0.0
2024-06-03 18:11:00,29.812,0.0
2024-06-03 18:11:00,30.406,0.0
2024-06-03 18:12:00,30.062,0.0
2024-06-03 18:12:00,30.656,0.0
2024-06-03 18:13:00,30.781,0.0
2024-06-03 18:13:00,31.0,0.0
2024-06-03 18:14:00,31.625,0.0
2024-06-03 18:14:00,31.625,0.0
2024-06-03 18:15:00,32.125,0.0
2024-06-03 18:15:00,32.0,0.0
2024-06-03 18:16:00,32.375,0.0
2024-06-03 18:16:00,32.281,0.0
2024-06-03 18:17:00,32.406,0.0
2024-06-03 18:17:00,32.156,0.0
2024-06-03 18:18:00,31.938,0.0
2024-06-03 18:18:00,32.281,0.0
2024-06-03 18:19:00,31.781,0.0
2024-06-03 18:19:00,32.25,0.0
2024-06-03 18:20:00,32.25,0.0
2024-06-03 18:20:00,32.188,0.0
2024-06-03 18:21:00,32.406,0.0
2024-06-03 18:21:00,32.344,0.0
2024-06-03 18:22:00,32.125,0.0
2024-06-03 18:22:00,32.469,0.0
2024-06-03 18:23:00,32.406,0.0
2024-06-03 18:23:00,32.531,0.0
2024-06-03 18:24:00,32.625,0.0
2024-06-03 18:24:00,32.594,0.0
2024-06-03 18:25:00,32.688,0.0
2024-06-03 18:25:00,32.219,0.0
2024-06-03 18:26:00,31.844,0.0
2024-06-03 18:26:00,31.375,0.0
2024-06-03 18:27:00,31.5,0.0
2024-06-03 18:27:00,30.844,0.0
2024-06-03 18:28:00,30.625,0.0
2024-06-03 18:28:00,30.344,0.0
2024-06-03 18:29:00,29.844,0.0
2024-06-03 18:29:00,29.875,0.0
2024-06-03 18:30:00,29.25,0.0
2024-06-03 18:30:00,28.938,0.0
2024-06-03 18:31:00,28.906,0.0
2024-06-03 18:31:00,28.406,0.0
2024-06-03 18:32:00,28.0,0.0
2024-06-03 18:32:00,27.594,0.0
2024-06-03 18:33:00,26.812,0.0
2024-06-03 18:33:00,26.969,0.0
2024-06-03 18:34:00,27.156,0.0
2024-06-03 18:34:00,27.75,0.0
2024-06-03 18:35:00,28.281,0.0
2024-06-03 18:35:00,28.875,0.0
2024-06-03 18:36:00,28.781,0.0
2024-06-03 18:36:00,29.188,0.0
2024-06-03 18:37:00,29.781,0.0
2024-06-03 18:37:00,30.0,0.0
2024-06-03 18:38:00,29.844,0.0
2024-06-03 18:38:00,29.75,0.0
2024-06-03 18:39:00,29.781,0.0
2024-06-03 18:39:00,30.031,0.0
2024-06-03 18:40:00,29.781,0.0
2024-06-03 18:40:00,30.125,0.0
2024-06-03 18:41:00,30.656,0.0
2024-06-03 18:41:00,30.5,0.0
2024-06-03 18:42:00,30.656,0.0
2024-06-03 18:42:00,30.75,0.0
2024-06-03 18:43:00,30.25,0.0
2024-06-03 18:43:00,30.375,0.0
2024-06-03 18:44:00,29.688,0.0
2024-06-03 18:44:00,29.875,0.0
2024-06-03 18:45:00,30.188,0.0
2024-06-03 18:45:00,30.344,0.0
2024-06-03 18:46:00,30.875,0.0
2024-06-03 18:46:00,30.469,0.0
2024-06-03 18:47:00,30.781,0.0
2024-06-03 18:47:00,30.594,0.0
2024-06-03 18:48:00,30.844,0.0
2024-06-03 18:48:00,30.844,0.0
2024-06-03 18:49:00,30.438,0.0
2024-06-03 18:49:00,30.031,0.0
2024-06-03 18:50:00,29.656,0.0
2024-06-03 18:50:00,30.0,0.0
2024-06-03 18:51:00,30.812,0.0
2024-06-03 18:51:00,31.188,0.0
2024-06-03 18:52:00,31.156,0.0
2024-06-03 18:52:00,31.531,0.0
2024-06-03 18:53:00,31.688,0.0
2024-06-03 18:53:00,31.625,0.0
2024-06-03 18:54:00,31.688,0.0
2024-06-03 18:54:00,32.469,0.0
2024-06-03 18:55:00,32.375,0.0
2024-06-03 18:55:00,32.531,0.0
2024-06-03 18:56:00,32.5,0.0
2024-06-03 18:56:00,33.125,0.0
2024-06-03 18:57:00,33.188,0.0
2024-06-03 18:57:00,32.906,0.0
2024-06-03 18:58:00,33.562,0.0
2024-06-03 18:58:00,33.594,0.0
2024-06-03 18:59:00,33.906,0.0
2024-06-03 18:59:00,33.469,0.0
2024-06-03 19:00:00,33.688,0.0
2024-06-03 19:00:00,33.438,0.0
2024-06-03 19:01:00,33.406,0.0
2024-06-03 19:01:00,33.406,0.0
2024-06-03 19:02:00,33.562,0.0
2024-06-03 19:02:00,33.812,0.0
2024-06-03 19:03:00,34.375,0.0
2024-06-03 19:03:00,34.25,0.0
2024-06-03 19:04:00,34.375,0.0
2024-06-03 19:04:00,33.906,0.0
2024-06-03 19:05:00,34.25,0.0
2024-06-03 19:05:00,34.5,0.0
2024-06-03 19:06:00,34.594,0.0
2024-06-03 19:06:00,34.125,0.0
2024-06-03 19:07:00,33.688,0.0
2024-06-03 19:07:00,33.625,0.0
2024-06-03 19:08:00,33.156,0.0
2024-06-03 19:08:00,32.812,0.0
2024-06-03 19:09:00,32.719,0.0
2024-06-03 19:09:00,32.75,0.0
2024-06-03 19:10:00,32.562,0.0
2024-06-03 19:10:00,32.281,0.0
2024-06-03 19:11:00,32.188,0.0
2024-06-03 19:11:00,31.625,0.0
2024-06-03 19:12:00,31.812,0.0
2024-06-03 19:12:00,31.812,0.0
2024-06-03 19:13:00,31.562,0.0
2024-06-03 19:13:00,32.125,0.0
2024-06-03 19:14:00,32.75,0.0
2024-06-03 19:14:00,32.812,0.0
2024-06-03 19:15:00,33.0,0.0
2024-06-03 19:15:00,33.438,0.0
2024-06-03 19:16:00,33.594,0.0
2024-06-03 19:16:00,33.062,0.0
2024-06-03 19:17:00,32.781,0.0
2024-06-03 19:17:00,32.719,0.0
2024-06-03 19:18:00,32.031,0.0
2024-06-03 19:18:00,31.938,0.0
2024-06-03 19:19:00,31.75,0.0
2024-06-03 19:19:00,31.594,0.0
2024-06-03 19:20:00,30.531,0.0
2024-06-03 19:20:00,30.531,0.0
2024-06-03 19:21:00,30.656,0.0
2024-06-03 19:21:00,30.719,0.0
2024-06-03 19:22:00,30.406,0.0
2024-06-03 19:22:00,30.438,0.0
2024-06-03 19:23:00,30.531,0.0
2024-06-03 19:23:00,30.875,0.0
2024-06-04 09:10:00,35.344,1.0
2024-06-04 09:10:00,33.75,1.0
2024-06-04 09:11:00,33.844,1.0
2024-06-04 09:11:00,34.469,1.0
2024-06-04 09:12:00,34.688,1.0
2024-06-04 09:12:00,34.219,1.0
2024-06-04 09:13:00,34.938,1.0
2024-06-04 09:13:00,34.281,1.0
2024-06-04 09:14:00,33.906,1.0
2024-06-04 09:14:00,33.844,1.0
2024-06-04 09:15:00,34.562,1.0
2024-06-04 09:15:00,34.969,1.0
2024-06-04 09:16:00,35.312,1.0
2024-06-04 09:16:00,34.094,1.0
2024-06-04 09:17:00,34.938,1.0
2024-06-04 09:17:00,33.75,1.0
2024-06-04 09:18:00,34.438,1.0
2024-06-04 09:18:00,36.094,1.0
2024-06-04 09:19:00,36.25,1.0
2024-06-04 09:19:00,35.969,1.0
2024-06-04 09:20:00,34.844,1.0
2024-06-04 09:20:00,35.031,1.0
2024-06-04 09:21:00,35.0,1.0
2024-06-04 09:21:00,35.062,1.0
2024-06-04 09:22:00,36.25,1.0
2024-06-04 09:22:00,35.625,1.0
2024-06-04 09:23:00,35.562,1.0
2024-06-04 09:23:00,35.0,1.0
2024-06-04 09:24:00,35.469,1.0
2024-06-04 09:24:00,35.688,1.0
2024-06-04 09:25:00,36.25,1.0
2024-06-04 09:25:00,36.188,1.0
2024-06-04 09:26:00,36.094,1.0
2024-06-04 09:26:00,36.875,1.0
2024-06-04 09:27:00,37.312,1.0
2024-06-04 09:27:00,37.281,1.0
2024-06-04 09:28:00,37.531,1.0
2024-06-04 09:28:00,38.062,1.0
2024-06-04 09:29:00,38.188,1.0
2024-06-04 09:29:00,38.094,1.0
2024-06-04 09:30:00,38.625,1.0
2024-06-04 09:30:00,38.594,1.0
2024-06-04 09:31:00,38.906,1.0
2024-06-04 09:31:00,38.75,1.0
2024-06-04 09:32:00,38.875,1.0
2024-06-04 09:32:00,38.781,1.0
2024-06-04 09:33:00,39.031,1.0
2024-06-04 09:33:00,39.219,1.0
2024-06-04 09:34:00,39.531,1.0
2024-06-04 09:34:00,39.531,1.0
2024-06-04 09:35:00,39.25,1.0
2024-06-04 09:35:00,40.156,1.0
2024-06-04 09:36:00,40.25,1.0
2024-06-04 09:36:00,40.094,1.0
2024-06-04 09:37:00,40.344,1.0
2024-06-04 09:37:00,39.812,1.0
2024-06-04 09:38:00,40.219,1.0
2024-06-04 09:38:00,40.312,1.0
2024-06-04 09:39:00,40.062,1.0
2024-06-04 09:39:00,40.562,1.0
2024-06-04 09:40:00,40.719,1.0
2024-06-04 09:40:00,40.938,1.0
2024-06-04 09:41:00,41.375,1.0
2024-06-04 09:41:00,41.812,1.0
2024-06-04 09:42:00,42.0,1.0
2024-06-04 09:42:00,42.219,1.0
2024-06-04 09:43:00,42.469,1.0
2024-06-04 09:43:00,42.688,1.0
2024-06-04 09:44:00,42.906,1.0
2024-06-04 09:44:00,42.906,1.0
2024-06-04 09:45:00,42.656,1.0
2024-06-04 09:45:00,42.688,1.0
2024-06-04 09:46:00,42.562,1.0
2024-06-04 09:46:00,43.156,1.0
2024-06-04 09:47:00,43.125,1.0
2024-06-04 09:47:00,43.375,1.0
2024-06-04 09:48:00,43.625,1.0
2024-06-04 09:48:00,43.875,1.0
2024-06-04 09:49:00,44.031,1.0
2024-06-04 09:49:00,44.125,1.0
2024-06-04 09:50:00,44.281,1.0
2024-06-04 09:50:00,44.281,1.0
2024-06-04 09:51:00,44.312,1.0
2024-06-04 09:51:00,44.5,1.0
2024-06-04 09:52:00,44.75,1.0
2024-06-04 09:52:00,44.625,1.0
2024-06-04 09:53:00,45.125,1.0
2024-06-04 09:53:00,45.594,1.0
2024-06-04 09:54:00,45.25,1.0
2024-06-04 09:54:00,45.625,1.0
2024-06-04 09:55:00,46.0,1.0
2024-06-04 09:55:00,46.031,1.0
2024-06-04 09:56:00,46.125,1.0
2024-06-04 09:56:00,46.375,1.0
2024-06-04 09:57:00,46.312,1.0
2024-06-04 09:57:00,46.781,1.0
2024-06-04 09:58:00,46.375,1.0
2024-06-04 09:58:00,46.469,1.0
2024-06-04 09:59:00,46.625,1.0
2024-06-04 09:59:00,46.625,1.0
2024-06-04 10:00:00,46.875,1.0
2024-06-04 10:00:00,46.719,1.0
2024-06-04 10:01:00,46.656,1.0
2024-06-04 10:01:00,47.031,1.0
2024-06-04 10:02:00,46.656,1.0
2024-06-04 10:02:00,46.938,1.0
2024-06-04 10:03:00,46.938,1.0
2024-06-04 10:03:00,46.906,1.0
2024-06-04 10:04:00,47.156,1.0
2024-06-04 10:04:00,47.438,1.0
2024-06-04 10:05:00,48.062,1.0
2024-06-04 10:05:00,48.188,1.0
2024-06-04 10:06:00,47.938,1.0
2024-06-04 10:06:00,47.812,1.0
2024-06-04 10:07:00,48.219,1.0
2024-06-04 10:07:00,48.594,1.0
2024-06-04 10:08:00,48.281,1.0
2024-06-04 10:08:00,48.75,1.0
2024-06-04 10:09:00,48.906,1.0
2024-06-04 10:09:00,48.781,1.0
2024-06-04 10:10:00,48.875,1.0
2024-06-04 10:10:00,48.875,1.0
2024-06-04 10:11:00,48.812,1.0
2024-06-04 10:11:00,48.938,1.0
2024-06-04 10:12:00,48.75,1.0
2024-06-04 10:12:00,48.875,1.0
2024-06-04 10:13:00,48.656,1.0
2024-06-04 10:13:00,48.594,1.0
2024-06-04 10:14:00,48.312,1.0
2024-06-04 10:14:00,48.094,1.0
2024-06-04 10:15:00,47.625,1.0
2024-06-04 10:15:00,47.969,1.0
2024-06-04 10:16:00,47.625,1.0
2024-06-04 10:16:00,47.375,1.0
2024-06-04 10:17:00,47.5,1.0
2024-06-04 10:17:00,47.656,1.0
2024-06-04 10:18:00,48.125,1.0
2024-06-04 10:18:00,47.781,1.0
2024-06-04 10:19:00,47.406,1.0
2024-06-04 10:19:00,47.344,1.0
2024-06-04 10:20:00,47.125,1.0
2024-06-04 10:20:00,46.875,1.0
2024-06-04 10:21:00,46.625,1.0
2024-06-04 10:21:00,46.562,1.0
2024-06-04 10:22:00,46.562,1.0
2024-06-04 10:22:00,46.781,1.0
2024-06-04 10:23:00,46.75,1.0
2024-06-04 10:23:00,46.75,1.0
2024-06-04 10:24:00,46.969,1.0
2024-06-04 10:24:00,47.219,1.0
2024-06-04 10:25:00,47.156,1.0
2024-06-04 10:25:00,47.594,1.0
2024-06-04 10:26:00,47.344,1.0
2024-06-04 10:26:00,47.188,1.0
2024-06-04 10:27:00,47.219,1.0
2024-06-04 10:27:00,47.375,1.0
2024-06-04 10:28:00,47.344,1.0
2024-06-04 10:28:00,47.594,1.0
2024-06-04 10:29:00,47.75,1.0
2024-06-04 10:29:00,47.594,1.0
2024-06-04 10:30:00,47.812,1.0
2024-06-04 10:30:00,47.906,1.0
2024-06-04 10:31:00,48.125,1.0
2024-06-04 10:31:00,48.219,1.0
2024-06-04 10:32:00,48.469,1.0
2024-06-04 10:32:00,48.688,1.0
2024-06-04 10:33:00,48.594,1.0
2024-06-04 10:33:00,48.344,1.0
2024-06-04 10:34:00,48.688,1.0
2024-06-04 10:34:00,48.781,1.0
2024-06-04 10:35:00,48.781,1.0
2024-06-04 10:35:00,48.625,1.0
2024-06-04 10:36:00,48.875,1.0
2024-06-04 10:36:00,49.188,1.0
2024-06-04 10:37:00,49.25,1.0
2024-06-04 10:37:00,49.406,1.0
2024-06-04 10:38:00,49.531,1.0
2024-06-04 10:38:00,49.438,1.0
2024-06-04 10:39:00,49.688,1.0
2024-06-04 10:39:00,49.656,1.0
2024-06-04 10:40:00,49.688,1.0
2024-06-04 10:40:00,49.781,1.0
2024-06-04 10:41:00,49.906,1.0
2024-06-04 10:41:00,49.969,1.0
2024-06-04 10:42:00,49.938,1.0
2024-06-04 10:42:00,49.875,1.0
2024-06-04 10:43:00,49.906,1.0
2024-06-04 10:43:00,49.875,1.0
2024-06-04 10:44:00,49.781,1.0
2024-06-04 10:44:00,49.75,1.0
2024-06-04 10:45:00,49.844,1.0
2024-06-04 10:45:00,49.969,1.0
2024-06-04 10:46:00,49.875,1.0
2024-06-04 10:46:00,49.938,1.0
2024-06-04 10:47:00,49.812,1.0
2024-06-04 10:47:00,50.25,1.0
2024-06-04 10:48:00,50.062,1.0
2024-06-04 10:48:00,50.281,1.0
2024-06-04 10:49:00,50.469,1.0
2024-06-04 10:49:00,50.469,1.0
2024-06-04 10:50:00,50.594,1.0
2024-06-04 10:50:00,50.812,1.0
2024-06-04 10:51:00,50.812,1.0
2024-06-04 10:51:00,50.75,1.0
2024-06-04 10:52:00,50.969,1.0
2024-06-04 10:52:00,50.875,1.0
2024-06-04 10:53:00,50.906,1.0
2024-06-04 10:53:00,51.031,1.0
2024-06-04 10:54:00,51.031,1.0
2024-06-04 10:54:00,51.031,1.0
2024-06-04 10:55:00,51.0,1.0
2024-06-04 10:55:00,51.125,1.0
2024-06-04 10:56:00,51.0,1.0
2024-06-04 10:56:00,50.938,1.0
2024-06-04 10:57:00,51.25,1.0
2024-06-04 10:57:00,51.031,1.0
2024-06-04 10:58:00,50.969,1.0
2024-06-04 10:58:00,50.625,1.0
2024-06-04 10:59:00,50.5,1.0
2024-06-04 10:59:00,50.531,1.0
2024-06-04 11:00:00,50.375,1.0
2024-06-04 11:00:00,50.688,1.0
2024-06-04 11:01:00,50.531,1.0
2024-06-04 11:01:00,50.656,1.0
2024-06-04 11:02:00,50.75,1.0
2024-06-04 11:02:00,50.688,1.0
2024-06-04 11:03:00,50.469,1.0
2024-06-04 11:03:00,50.5,1.0
2024-06-04 11:04:00,50.406,1.0
2024-06-04 11:04:00,50.188,1.0
2024-06-04 11:05:00,50.156,1.0
2024-06-04 11:05:00,49.906,1.0
2024-06-04 11:06:00,49.656,1.0
2024-06-04 11:06:00,49.719,1.0
2024-06-04 11:07:00,49.719,1.0
2024-06-04 11:07:00,49.125,1.0
2024-06-04 11:08:00,49.25,1.0
2024-06-04 11:08:00,48.812,1.0
2024-06-04 11:09:00,48.938,1.0
2024-06-04 11:09:00,48.812,1.0
2024-06-04 11:10:00,48.656,1.0
2024-06-04 11:10:00,48.25,1.0
2024-06-04 11:11:00,48.156,1.0
2024-06-04 11:11:00,48.0,1.0
2024-06-04 11:12:00,48.0,1.0
2024-06-04 11:12:00,47.875,1.0
2024-06-04 11:13:00,47.812,1.0
2024-06-04 11:13:00,47.469,1.0
2024-06-04 11:14:00,47.312,1.0
2024-06-04 11:14:00,47.094,1.0
2024-06-04 11:15:00,47.125,1.0
2024-06-04 11:15:00,46.906,1.0
2024-06-04 11:16:00,46.906,1.0
2024-06-04 11:16:00,46.906,1.0
2024-06-04 11:17:00,47.031,1.0
2024-06-04 11:17:00,47.406,1.0
2024-06-04 11:18:00,47.25,1.0
2024-06-04 11:18:00,47.375,1.0
2024-06-04 11:19:00,47.5,1.0
2024-06-04 11:19:00,47.781,1.0
2024-06-04 11:20:00,47.969,1.0
2024-06-04 11:20:00,47.906,1.0
2024-06-04 11:21:00,47.812,1.0
2024-06-04 11:21:00,48.125,1.0
2024-06-04 11:22:00,48.125,1.0
2024-06-04 11:22:00,47.656,1.0
2024-06-04 11:23:00,47.625,1.0
2024-06-04 11:23:00,47.906,1.0
2024-06-04 11:24:00,47.406,1.0
2024-06-04 11:24:00,47.406,1.0
2024-06-04 11:25:00,47.312,1.0
2024-06-04 11:25:00,47.219,1.0
2024-06-04 11:26:00,47.344,1.0
2024-06-04 11:26:00,46.875,1.0
2024-06-04 11:27:00,46.719,1.0
2024-06-04 11:27:00,46.75,1.0
2024-06-04 11:28:00,46.656,1.0
2024-06-04 11:28:00,46.75,1.0
2024-06-04 11:29:00,46.375,1.0
2024-06-04 11:29:00,46.469,1.0
2024-06-04 11:30:00,46.375,1.0
2024-06-04 11:30:00,46.375,1.0
2024-06-04 11:31:00,46.344,1.0
2024-06-04 11:31:00,46.625,1.0
2024-06-04 11:32:00,46.719,1.0
2024-06-04 11:32:00,46.812,1.0
2024-06-04 11:33:00,47.156,1.0
2024-06-04 11:33:00,46.906,1.0
2024-06-04 11:34:00,47.25,1.0
2024-06-04 11:34:00,47.469,1.0
2024-06-04 11:35:00,47.5,1.0
2024-06-04 11:35:00,47.531,1.0
2024-06-04 11:36:00,47.781,1.0
2024-06-04 11:36:00,47.594,1.0
2024-06-04 11:37:00,47.562,1.0
2024-06-04 11:37:00,48.062,1.0
2024-06-04 11:38:00,48.031,1.0
2024-06-04 11:38:00,48.125,1.0
2024-06-04 11:39:00,48.0,1.0
2024-06-04 11:39:00,48.25,1.0
2024-06-04 11:40:00,48.281,1.0
2024-06-04 11:40:00,48.469,1.0
2024-06-04 11:41:00,48.344,1.0
2024-06-04 11:41:00,47.969,1.0
2024-06-04 11:42:00,47.906,1.0
2024-06-04 11:42:00,48.281,1.0
2024-06-04 11:43:00,48.031,1.0
2024-06-04 11:43:00,47.844,1.0
2024-06-04 11:44:00,47.625,1.0
2024-06-04 11:44:00,47.875,1.0
2024-06-04 11:45:00,47.344,1.0
2024-06-04 11:45:00,47.625,1.0
2024-06-04 11:46:00,47.312,1.0
2024-06-04 11:46:00,47.062,1.0
2024-06-04 11:47:00,47.031,1.0
2024-06-04 11:47:00,46.5,1.0
2024-06-04 11:48:00,46.625,1.0
2024-06-04 11:48:00,46.625,1.0
2024-06-04 11:49:00,46.281,1.0
2024-06-04 11:49:00,45.719,1.0
2024-06-04 11:50:00,45.75,1.0
2024-06-04 11:50:00,45.75,1.0
2024-06-04 11:51:00,45.5,1.0
2024-06-04 11:51:00,45.188,1.0
2024-06-04 11:52:00,45.0,1.0
2024-06-04 11:52:00,45.156,1.0
2024-06-04 11:53:00,45.562,1.0
2024-06-04 11:53:00,45.938,1.0
2024-06-04 11:54:00,45.656,1.0
2024-06-04 11:54:00,45.75,1.0
2024-06-04 11:55:00,45.625,1.0
2024-06-04 11:55:00,46.0,1.0
2024-06-04 11:56:00,46.062,1.0
2024-06-04 11:56:00,46.062,1.0
2024-06-04 11:57:00,45.781,1.0
2024-06-04 11:57:00,45.344,1.0
2024-06-04 11:58:00,45.219,1.0
2024-06-04 11:58:00,44.938,1.0
2024-06-04 11:59:00,44.938,1.0
2024-06-04 11:59:00,44.75,1.0
2024-06-04 12:00:00,44.594,1.0
2024-06-04 12:00:00,44.5,1.0
2024-06-04 12:01:00,44.094,1.0
2024-06-04 12:01:00,44.281,1.0
2024-06-04 12:02:00,44.438,1.0
2024-06-04 12:02:00,44.469,1.0
2024-06-04 12:03:00,44.281,1.0
2024-06-04 12:03:00,43.562,1.0
2024-06-04 12:04:00,43.0,1.0
2024-06-04 12:04:00,42.938,1.0
2024-06-04 12:05:00,43.562,1.0
2024-06-04 12:05:00,43.094,1.0
2024-06-04 12:06:00,43.0,1.0
2024-06-04 12:06:00,43.312,1.0
2024-06-04 12:07:00,43.344,1.0
2024-06-04 12:07:00,43.281,1.0
2024-06-04 12:08:00,43.0,1.0
2024-06-04 12:08:00,43.562,1.0
2024-06-04 12:09:00,42.969,1.0
2024-06-04 12:09:00,43.219,1.0
2024-06-04 12:10:00,43.094,1.0
2024-06-04 12:10:00,42.219,1.0
2024-06-04 12:11:00,42.094,1.0
2024-06-04 12:11:00,42.25,1.0
2024-06-04 12:12:00,42.031,1.0
2024-06-04 12:12:00,42.125,1.0
2024-06-04 12:13:00,42.094,1.0
2024-06-04 12:13:00,42.312,1.0
2024-06-04 12:14:00,42.719,1.0
2024-06-04 12:14:00,42.719,1.0
2024-06-04 12:15:00,42.188,1.0
2024-06-04 12:15:00,42.031,1.0
2024-06-04 12:16:00,42.719,1.0
2024-06-04 12:16:00,43.188,1.0
2024-06-04 12:17:00,43.156,1.0
2024-06-04 12:17:00,42.688,1.0
2024-06-04 12:18:00,43.281,1.0
2024-06-04 12:18:00,43.188,1.0
2024-06-04 12:19:00,42.875,1.0
2024-06-04 12:19:00,42.406,1.0
2024-06-04 12:20:00,42.5,1.0
2024-06-04 12:20:00,42.969,1.0
2024-06-04 12:21:00,43.219,1.0
2024-06-04 12:21:00,43.25,1.0
2024-06-04 12:22:00,43.219,1.0
2024-06-04 12:22:00,43.344,1.0
2024-06-04 12:23:00,42.812,1.0
2024-06-04 12:23:00,42.875,1.0
2024-06-04 12:24:00,42.312,1.0
2024-06-04 12:24:00,42.562,1.0
2024-06-04 12:25:00,42.406,1.0
2024-06-04 12:25:00,41.969,1.0
2024-06-04 12:26:00,41.406,1.0
2024-06-04 12:26:00,41.125,1.0
2024-06-04 12:27:00,41.031,1.0
2024-06-04 12:27:00,41.5,1.0
2024-06-04 12:28:00,42.031,1.0
2024-06-04 12:28:00,41.781,1.0
2024-06-04 12:29:00,41.188,1.0
2024-06-04 12:29:00,40.844,1.0
2024-06-04 12:30:00,40.812,1.0
2024-06-04 12:30:00,40.375,1.0
2024-06-04 12:31:00,40.688,1.0
2024-06-04 12:31:00,40.281,1.0
2024-06-04 12:32:00,40.188,1.0
2024-06-04 12:32:00,40.75,1.0
2024-06-04 12:33:00,40.25,1.0
2024-06-04 12:33:00,39.875,1.0
2024-06-04 12:34:00,39.562,1.0
2024-06-04 12:34:00,38.875,1.0
2024-06-04 12:35:00,39.125,1.0
2024-06-04 12:35:00,39.438,1.0
2024-06-04 12:36:00,38.531,1.0
2024-06-04 12:36:00,38.5,1.0
2024-06-04 12:37:00,38.188,1.0
2024-06-04 12:37:00,37.688,1.0
2024-06-04 12:38:00,38.469,1.0
2024-06-04 12:38:00,38.688,1.0
2024-06-04 12:39:00,38.156,1.0
2024-06-04 12:39:00,38.219,1.0
2024-06-04 12:40:00,38.625,1.0
2024-06-04 12:40:00,39.438,1.0
2024-06-04 12:41:00,39.5,1.0
2024-06-04 12:41:00,38.5,1.0
2024-06-04 12:42:00,38.5,1.0
2024-06-04 12:42:00,38.312,1.0
2024-06-04 12:43:00,37.594,1.0
2024-06-04 12:43:00,36.688,1.0
2024-06-04 12:44:00,37.0,1.0
2024-06-04 12:44:00,36.469,1.0
2024-06-04 12:45:00,35.688,1.0
2024-06-04 12:45:00,35.688,1.0
2024-06-04 12:46:00,35.312,1.0
2024-06-04 12:46:00,34.875,1.0
2024-06-04 12:47:00,34.938,1.0
2024-06-04 17:41:00,33.156,1.0
2024-06-04 17:41:00,33.25,1.0
2024-06-04 17:42:00,32.375,1.0
2024-06-04 17:42:00,33.0,1.0
2024-06-04 17:43:00,33.812,1.0
2024-06-04 17:43:00,33.688,1.0
2024-06-04 17:44:00,34.031,1.0
2024-06-04 17:44:00,34.312,1.0
2024-06-04 17:45:00,33.906,1.0
2024-06-04 17:45:00,33.719,1.0
2024-06-04 17:46:00,33.875,1.0
2024-06-04 17:46:00,34.5,1.0
2024-06-04 17:47:00,34.562,1.0
2024-06-04 17:47:00,34.094,1.0
2024-06-04 17:48:00,34.562,1.0
2024-06-04 17:48:00,35.375,1.0
2024-06-04 17:49:00,35.5,1.0
2024-06-04 17:49:00,34.969,1.0
2024-06-04 17:50:00,35.625,1.0
2024-06-04 17:50:00,36.844,1.0
2024-06-04 17:51:00,36.906,1.0
2024-06-04 17:51:00,36.469,1.0
2024-06-04 17:52:00,37.188,1.0
2024-06-04 17:52:00,37.781,1.0
2024-06-04 17:53:00,37.156,1.0
2024-06-04 17:53:00,36.844,1.0
2024-06-04 17:54:00,37.344,1.0
2024-06-04 17:54:00,37.594,1.0
2024-06-04 17:55:00,37.344,1.0
2024-06-04 17:55:00,36.406,1.0
2024-06-04 17:56:00,36.812,1.0
2024-06-04 17:56:00,37.344,1.0
2024-06-04 17:57:00,36.219,1.0
2024-06-04 17:57:00,37.031,1.0
2024-06-04 17:58:00,37.125,1.0
2024-06-04 17:58:00,37.0,1.0
2024-06-04 17:59:00,36.969,1.0
2024-06-04 17:59:00,37.719,1.0
2024-06-04 18:00:00,37.188,1.0
2024-06-04 18:00:00,37.812,1.0
2024-06-04 18:01:00,37.969,1.0
2024-06-04 18:01:00,38.312,1.0
2024-06-04 18:02:00,39.062,1.0
2024-06-04 18:02:00,38.844,1.0
2024-06-04 18:03:00,39.031,1.0
2024-06-04 18:03:00,39.281,1.0
2024-06-04 18:04:00,38.469,1.0
2024-06-04 18:04:00,38.625,1.0
2024-06-04 18:05:00,38.688,1.0
2024-06-04 18:05:00,37.969,1.0
2024-06-04 18:06:00,38.5,1.0
2024-06-04 18:06:00,38.375,1.0
2024-06-04 18:07:00,38.25,1.0
2024-06-04 18:07:00,38.594,1.0
2024-06-04 18:08:00,38.781,1.0
2024-06-04 18:08:00,39.156,1.0
2024-06-04 18:09:00,38.906,1.0
2024-06-04 18:09:00,39.625,1.0
2024-06-04 18:10:00,39.812,1.0
2024-06-04 18:10:00,40.094,1.0
2024-06-04 18:11:00,40.375,1.0
2024-06-04 18:11:00,40.438,1.0
2024-06-04 18:12:00,40.969,1.0
2024-06-04 18:12:00,40.406,1.0
2024-06-04 18:13:00,40.688,1.0
2024-06-04 18:13:00,40.094,1.0
2024-06-04 18:14:00,40.438,1.0
2024-06-04 18:14:00,40.5,1.0
2024-06-04 18:15:00,40.062,1.0
2024-06-04 18:15:00,40.5,1.0
2024-06-04 18:16:00,40.5,1.0
2024-06-04 18:16:00,40.312,1.0
2024-06-04 18:17:00,40.656,1.0
2024-06-04 18:17:00,40.812,1.0
2024-06-04 18:18:00,40.531,1.0
2024-06-04 18:18:00,40.562,1.0
2024-06-04 18:19:00,40.438,1.0
2024-06-04 18:19:00,40.844,1.0
2024-06-04 18:20:00,41.156,1.0
2024-06-04 18:20:00,41.438,1.0
2024-06-04 18:21:00,41.312,1.0
2024-06-04 18:21:00,40.625,1.0
2024-06-04 18:22:00,40.531,1.0
2024-06-04 18:22:00,39.844,1.0
2024-06-04 18:23:00,39.875,1.0
2024-06-04 18:23:00,39.625,1.0
2024-06-04 18:24:00,38.75,1.0
2024-06-04 18:24:00,38.5,1.0
2024-06-04 18:25:00,38.312,1.0
2024-06-04 18:25:00,38.031,1.0
2024-06-04 18:26:00,37.438,1.0
2024-06-04 18:26:00,37.062,1.0
2024-06-04 18:27:00,37.094,1.0
2024-06-04 18:27:00,36.688,1.0
2024-06-04 18:28:00,36.5,1.0
2024-06-04 18:28:00,35.844,1.0
2024-06-04 18:29:00,35.25,1.0
2024-06-04 18:29:00,35.688,1.0
2024-06-04 18:30:00,35.344,1.0
2024-06-04 18:30:00,36.219,1.0
2024-06-04 18:31:00,36.438,1.0
2024-06-04 18:31:00,37.062,1.0
2024-06-04 18:32:00,37.094,1.0
2024-06-04 18:32:00,37.469,1.0
2024-06-04 18:33:00,37.844,1.0
2024-06-04 18:33:00,38.156,1.0
2024-06-04 18:34:00,38.062,1.0
2024-06-04 18:34:00,38.0,1.0
2024-06-04 18:35:00,38.375,1.0
2024-06-04 18:35:00,38.531,1.0
2024-06-04 18:36:00,38.062,1.0
2024-06-04 18:36:00,38.5,1.0
2024-06-04 18:37:00,38.594,1.0
2024-06-04 18:37:00,38.094,1.0
2024-06-04 18:38:00,38.375,1.0
2024-06-04 18:38:00,38.625,1.0
2024-06-04 18:39:00,38.719,1.0
2024-06-04 18:39:00,38.25,1.0
2024-06-04 18:40:00,38.188,1.0
2024-06-04 18:40:00,38.5,1.0
2024-06-04 18:41:00,38.562,1.0
2024-06-04 18:41:00,38.75,1.0
2024-06-04 18:42:00,39.125,1.0
2024-06-04 18:42:00,38.844,1.0
2024-06-04 18:43:00,39.094,1.0
2024-06-04 18:43:00,38.719,1.0
2024-06-04 18:44:00,38.969,1.0
2024-06-04 18:44:00,38.531,1.0
2024-06-04 18:45:00,38.875,1.0
2024-06-04 18:45:00,38.062,1.0
2024-06-04 18:46:00,38.0,1.0
2024-06-04 18:46:00,38.625,1.0
2024-06-04 18:47:00,38.812,1.0
2024-06-04 18:47:00,39.562,1.0
2024-06-04 18:48:00,39.188,1.0
2024-06-04 18:48:00,39.25,1.0
2024-06-04 18:49:00,39.906,1.0
2024-06-04 18:49:00,40.0,1.0
2024-06-04 18:50:00,40.469,1.0
2024-06-04 18:50:00,40.812,1.0
2024-06-04 18:51:00,40.594,1.0
2024-06-04 18:51:00,40.719,1.0
2024-06-04 18:52:00,40.719,1.0
2024-06-04 18:52:00,41.562,1.0
2024-06-04 18:53:00,41.344,1.0
2024-06-04 18:53:00,41.375,1.0
2024-06-04 18:54:00,42.062,1.0
2024-06-04 18:54:00,42.281,1.0
2024-06-04 18:55:00,42.031,1.0
2024-06-04 18:55:00,41.688,1.0
2024-06-04 18:56:00,41.562,1.0
2024-06-04 18:56:00,41.531,1.0
2024-06-04 18:57:00,41.531,1.0
2024-06-04 18:57:00,41.906,1.0
2024-06-04 18:58:00,42.062,1.0
2024-06-04 18:58:00,42.25,1.0
2024-06-04 18:59:00,42.312,1.0
2024-06-04 18:59:00,42.562,1.0
2024-06-04 19:00:00,42.469,1.0
2024-06-04 19:00:00,42.438,1.0
2024-06-04 19:01:00,42.5,1.0
2024-06-04 19:01:00,42.562,1.0
2024-06-04 19:02:00,42.625,1.0
2024-06-04 19:02:00,42.219,1.0
2024-06-04 19:03:00,42.125,1.0
2024-06-04 19:03:00,42.0,1.0
2024-06-04 19:04:00,41.469,1.0
2024-06-04 19:04:00,41.438,1.0
2024-06-04 19:05:00,41.375,1.0
2024-06-04 19:05:00,41.562,1.0
2024-06-04 19:06:00,40.781,1.0
2024-06-04 19:06:00,40.219,1.0
2024-06-04 19:07:00,39.812,1.0
2024-06-04 19:07:00,40.031,1.0
2024-06-04 19:08:00,40.094,1.0
2024-06-04 19:08:00,40.219,1.0
2024-06-04 19:09:00,40.438,1.0
2024-06-04 19:09:00,41.188,1.0
2024-06-04 19:10:00,41.406,1.0
2024-06-04 19:10:00,40.719,1.0
2024-06-04 19:11:00,41.062,1.0
2024-06-04 19:11:00,41.375,1.0
2024-06-04 19:12:00,41.344,1.0
2024-06-04 19:12:00,40.875,1.0
2024-06-04 19:13:00,40.625,1.0
2024-06-04 19:13:00,40.531,1.0
2024-06-04 19:14:00,40.094,1.0
2024-06-04 19:14:00,40.062,1.0
2024-06-04 19:15:00,39.5,1.0
2024-06-04 19:15:00,39.031,1.0
2024-06-04 19:16:00,38.75,1.0
2024-06-04 19:16:00,38.906,1.0
2024-06-04 19:17:00,39.094,1.0
2024-06-04 19:17:00,38.562,1.0
2024-06-04 19:18:00,38.812,1.0
2024-06-04 19:18:00,38.781,1.0
2024-06-04 19:19:00,38.844,1.0
2024-06-05 09:06:00,34.844,1.0
2024-06-05 09:06:00,33.938,1.0
2024-06-05 09:07:00,33.75,1.0
2024-06-05 09:07:00,34.531,1.0
2024-06-05 09:08:00,34.969,1.0
2024-06-05 09:08:00,34.781,1.0
2024-06-05 09:09:00,35.031,1.0
2024-06-05 09:09:00,34.375,1.0
2024-06-05 09:10:00,33.969,1.0
2024-06-05 09:10:00,34.312,1.0
2024-06-05 09:11:00,34.75,1.0
2024-06-05 09:11:00,35.062,1.0
2024-06-05 09:12:00,35.156,1.0
2024-06-05 09:12:00,34.656,1.0
2024-06-05 09:13:00,34.688,1.0
2024-06-05 09:13:00,33.844,1.0
2024-06-05 09:14:00,35.562,1.0
2024-06-05 09:14:00,36.656,1.0
2024-06-05 09:15:00,36.094,1.0
2024-06-05 09:15:00,35.656,1.0
2024-06-05 09:16:00,34.594,1.0
2024-06-05 09:16:00,35.281,1.0
2024-06-05 09:17:00,35.344,1.0
2024-06-05 09:17:00,35.875,1.0
2024-06-05 09:18:00,36.562,1.0
2024-06-05 09:18:00,35.562,1.0
2024-06-05 09:19:00,35.438,1.0
2024-06-05 09:19:00,35.375,1.0
2024-06-05 09:20:00,35.781,1.0
2024-06-05 09:20:00,36.406,1.0
2024-06-05 09:21:00,36.469,1.0
2024-06-05 09:21:00,36.625,1.0
2024-06-05 09:22:00,36.594,1.0
2024-06-05 09:22:00,37.031,1.0
2024-06-05 09:23:00,37.562,1.0
2024-06-05 09:23:00,37.438,1.0
2024-06-05 09:24:00,38.031,1.0
2024-06-05 09:24:00,37.969,1.0
2024-06-05 09:25:00,38.031,1.0
2024-06-05 09:25:00,38.469,1.0
2024-06-05 09:26:00,38.75,1.0
2024-06-05 09:26:00,38.906,1.0
2024-06-05 09:27:00,38.594,1.0
2024-06-05 09:27:00,38.938,1.0
2024-06-05 09:28:00,38.719,1.0
2024-06-05 09:28:00,39.188,1.0
2024-06-05 09:29:00,39.469,1.0
2024-06-05 09:29:00,39.062,1.0
2024-06-05 09:30:00,39.438,1.0
2024-06-05 09:30:00,39.75,1.0
2024-06-05 09:31:00,39.781,1.0
2024-06-05 09:31:00,40.594,1.0
2024-06-05 09:32:00,40.531,1.0
2024-06-05 09:32:00,40.531,1.0
2024-06-05 09:33:00,40.062,1.0
2024-06-05 09:33:00,40.031,1.0
2024-06-05 09:34:00,40.312,1.0
2024-06-05 09:34:00,40.469,1.0
2024-06-05 09:35:00,40.5,1.0
2024-06-05 09:35:00,41.031,1.0
2024-06-05 09:36:00,41.031,1.0
2024-06-05 09:36:00,41.531,1.0
2024-06-05 09:37:00,42.031,1.0
2024-06-05 09:37:00,42.406,1.0
2024-06-05 09:38:00,42.438,1.0
2024-06-05 09:38:00,42.906,1.0
2024-06-05 09:39:00,42.938,1.0
2024-06-05 09:39:00,43.156,1.0
2024-06-05 09:40:00,43.031,1.0
2024-06-05 09:40:00,42.969,1.0
2024-06-05 09:41:00,43.0,1.0
2024-06-05 09:41:00,42.844,1.0
2024-06-05 09:42:00,42.719,1.0
2024-06-05 09:42:00,43.219,1.0
2024-06-05 09:43:00,43.312,1.0
2024-06-05 09:43:00,43.844,1.0
2024-06-05 09:44:00,43.906,1.0
2024-06-05 09:44:00,44.125,1.0
2024-06-05 09:45:00,44.562,1.0
2024-06-05 09:45:00,44.562,1.0
2024-06-05 09:46:00,44.5,1.0
2024-06-05 09:46:00,44.812,1.0
2024-06-05 09:47:00,44.281,1.0
2024-06-05 09:47:00,44.5,1.0
2024-06-05 09:48:00,45.062,1.0
2024-06-05 09:48:00,45.312,1.0
2024-06-05 09:49:00,45.312,1.0
2024-06-05 09:49:00,45.719,1.0
2024-06-05 09:50:00,45.5,1.0
2024-06-05 09:50:00,46.0,1.0
2024-06-05 09:51:00,46.125,1.0
2024-06-05 09:51:00,46.125,1.0
2024-06-05 09:52:00,46.312,1.0
2024-06-05 09:52:00,46.25,1.0
2024-06-05 09:53:00,46.562,1.0
2024-06-05 09:53:00,46.469,1.0
2024-06-05 09:54:00,46.656,1.0
2024-06-05 09:54:00,46.656,1.0
2024-06-05 09:55:00,46.75,1.0
2024-06-05 09:55:00,46.781,1.0
2024-06-05 09:56:00,46.812,1.0
2024-06-05 09:56:00,46.781,1.0
2024-06-05 09:57:00,47.031,1.0
2024-06-05 09:57:00,46.812,1.0
2024-06-05 09:58:00,47.031,1.0
2024-06-05 09:58:00,46.625,1.0
2024-06-05 09:59:00,47.25,1.0
2024-06-05 09:59:00,47.219,1.0
2024-06-05 10:00:00,47.438,1.0
2024-06-05 10:00:00,47.719,1.0
2024-06-05 10:01:00,47.969,1.0
2024-06-05 10:01:00,48.25,1.0
2024-06-05 10:02:00,47.969,1.0
2024-06-05 10:02:00,48.0,1.0
2024-06-05 10:03:00,48.094,1.0
2024-06-05 10:03:00,48.25,1.0
2024-06-05 10:04:00,48.625,1.0
2024-06-05 10:04:00,48.781,1.0
2024-06-05 10:05:00,48.75,1.0
2024-06-05 10:05:00,49.0,1.0
2024-06-05 10:06:00,48.938,1.0
2024-06-05 10:06:00,49.094,1.0
2024-06-05 10:07:00,48.938,1.0
2024-06-05 10:07:00,48.938,1.0
2024-06-05 10:08:00,48.969,1.0
2024-06-05 10:08:00,48.594,1.0
2024-06-05 10:09:00,48.75,1.0
2024-06-05 10:09:00,48.5,1.0
2024-06-05 10:10:00,48.281,1.0
2024-06-05 10:10:00,48.406,1.0
2024-06-05 10:11:00,48.062,1.0
2024-06-05 10:11:00,47.906,1.0
2024-06-05 10:12:00,47.594,1.0
2024-06-05 10:12:00,47.688,1.0
2024-06-05 10:13:00,47.875,1.0
2024-06-05 10:13:00,47.75,1.0
2024-06-05 10:14:00,47.688,1.0
2024-06-05 10:14:00,47.344,1.0
2024-06-05 10:15:00,47.406,1.0
2024-06-05 10:15:00,47.5,1.0
2024-06-05 10:16:00,47.375,1.0
2024-06-05 10:16:00,47.156,1.0
2024-06-05 10:17:00,46.688,1.0
2024-06-05 10:17:00,46.781,1.0
2024-06-05 10:18:00,46.562,1.0
2024-06-05 10:18:00,46.656,1.0
2024-06-05 10:19:00,46.719,1.0
2024-06-05 10:19:00,46.875,1.0
2024-06-05 10:20:00,46.938,1.0
2024-06-05 10:20:00,47.375,1.0
2024-06-05 10:21:00,47.438,1.0
2024-06-05 10:21:00,47.406,1.0
2024-06-05 10:22:00,47.562,1.0
2024-06-05 10:22:00,47.156,1.0
2024-06-05 10:23:00,47.281,1.0
2024-06-05 10:23:00,47.094,1.0
2024-06-05 10:24:00,47.156,1.0
2024-06-05 10:24:00,47.031,1.0
2024-06-05 10:25:00,47.312,1.0
2024-06-05 10:25:00,47.844,1.0
2024-06-05 10:26:00,47.812,1.0
2024-06-05 10:26:00,48.344,1.0
2024-06-05 10:27:00,48.375,1.0
2024-06-05 10:27:00,47.969,1.0
2024-06-05 10:28:00,48.594,1.0
2024-06-05 10:28:00,48.531,1.0
2024-06-05 10:29:00,48.469,1.0
2024-06-05 10:29:00,48.781,1.0
2024-06-05 10:30:00,48.781,1.0
2024-06-05 10:30:00,48.469,1.0
2024-06-05 10:31:00,48.938,1.0
2024-06-05 10:31:00,48.781,1.0
2024-06-05 10:32:00,48.938,1.0
2024-06-05 10:32:00,49.219,1.0
2024-06-05 10:33:00,49.188,1.0
2024-06-05 10:33:00,49.281,1.0
2024-06-05 10:34:00,49.031,1.0
2024-06-05 10:34:00,49.656,1.0
2024-06-05 10:35:00,49.781,1.0
2024-06-05 10:35:00,49.75,1.0
2024-06-05 10:36:00,49.312,1.0
2024-06-05 10:36:00,49.281,1.0
2024-06-05 10:37:00,49.688,1.0
2024-06-05 10:37:00,49.719,1.0
2024-06-05 10:38:00,49.719,1.0
2024-06-05 10:38:00,49.625,1.0
2024-06-05 10:39:00,49.875,1.0
2024-06-05 10:39:00,50.094,1.0
2024-06-05 10:40:00,49.938,1.0
2024-06-05 10:40:00,50.031,1.0
2024-06-05 10:41:00,49.469,1.0
2024-06-05 10:41:00,50.0,1.0
2024-06-05 10:42:00,50.031,1.0
2024-06-05 10:42:00,50.344,1.0
2024-06-05 10:43:00,50.562,1.0
2024-06-05 10:43:00,50.5,1.0
2024-06-05 10:44:00,50.531,1.0
2024-06-05 10:44:00,50.531,1.0
2024-06-05 10:45:00,50.812,1.0
2024-06-05 10:45:00,50.812,1.0
2024-06-05 10:46:00,50.875,1.0
2024-06-05 10:46:00,51.062,1.0
2024-06-05 10:47:00,51.188,1.0
2024-06-05 10:47:00,50.938,1.0
2024-06-05 10:48:00,50.938,1.0
2024-06-05 10:48:00,50.969,1.0
2024-06-05 10:49:00,51.188,1.0
2024-06-05 10:49:00,51.094,1.0
2024-06-05 10:50:00,51.25,1.0
2024-06-05 10:50:00,51.156,1.0
2024-06-05 10:51:00,51.125,1.0
2024-06-05 10:51:00,51.219,1.0
2024-06-05 10:52:00,51.188,1.0
2024-06-05 10:52:00,51.344,1.0
2024-06-05 10:53:00,51.469,1.0
2024-06-05 10:53:00,50.938,1.0
2024-06-05 10:54:00,50.875,1.0
2024-06-05 10:54:00,50.812,1.0
2024-06-05 10:55:00,50.875,1.0
2024-06-05 10:55:00,51.094,1.0
2024-06-05 10:56:00,51.0,1.0
2024-06-05 10:56:00,50.625,1.0
2024-06-05 10:57:00,50.594,1.0
2024-06-05 10:57:00,50.75,1.0
2024-06-05 10:58:00,50.594,1.0
2024-06-05 10:58:00,50.5,1.0
2024-06-05 10:59:00,50.406,1.0
2024-06-05 10:59:00,50.562,1.0
2024-06-05 11:00:00,50.688,1.0
2024-06-05 11:00:00,50.062,1.0
2024-06-05 11:01:00,50.0,1.0
2024-06-05 11:01:00,49.812,1.0
2024-06-05 11:02:00,49.625,1.0
2024-06-05 11:02:00,49.531,1.0
2024-06-05 11:03:00,49.438,1.0
2024-06-05 11:03:00,49.156,1.0
2024-06-05 11:04:00,48.875,1.0
2024-06-05 11:04:00,49.031,1.0
2024-06-05 11:05:00,49.031,1.0
2024-06-05 11:05:00,48.844,1.0
2024-06-05 11:06:00,48.438,1.0
2024-06-05 11:06:00,48.125,1.0
2024-06-05 11:07:00,48.0,1.0
2024-06-05 11:07:00,47.938,1.0
2024-06-05 11:08:00,47.719,1.0
2024-06-05 11:08:00,47.719,1.0
2024-06-05 11:09:00,47.469,1.0
2024-06-05 11:09:00,47.0,1.0
2024-06-05 11:10:00,46.875,1.0
2024-06-05 11:10:00,47.031,1.0
2024-06-05 11:11:00,46.875,1.0
2024-06-05 11:11:00,46.938,1.0
2024-06-05 11:12:00,47.188,1.0
2024-06-05 11:12:00,47.344,1.0
2024-06-05 11:13:00,47.062,1.0
2024-06-05 11:13:00,47.094,1.0
2024-06-05 11:14:00,47.156,1.0
2024-06-05 11:14:00,47.625,1.0
2024-06-05 11:15:00,47.531,1.0
2024-06-05 11:15:00,47.656,1.0
2024-06-05 11:16:00,47.75,1.0
2024-06-05 11:16:00,47.594,1.0
2024-06-05 11:17:00,47.969,1.0
2024-06-05 11:17:00,47.594,1.0
2024-06-05 11:18:00,47.781,1.0
2024-06-05 11:18:00,47.844,1.0
2024-06-05 11:19:00,47.781,1.0
2024-06-05 11:19:00,47.625,1.0
2024-06-05 11:20:00,47.344,1.0
2024-06-05 11:20:00,47.125,1.0
2024-06-05 11:21:00,47.125,1.0
2024-06-05 11:21:00,46.938,1.0
2024-06-05 11:22:00,46.812,1.0
2024-06-05 11:22:00,46.625,1.0
2024-06-05 11:23:00,46.5,1.0
2024-06-05 11:23:00,46.5,1.0
2024-06-05 11:24:00,46.594,1.0
2024-06-05 11:24:00,46.406,1.0
2024-06-05 11:25:00,46.375,1.0
2024-06-05 11:25:00,46.188,1.0
2024-06-05 11:26:00,46.125,1.0
2024-06-05 11:26:00,46.062,1.0
2024-06-05 11:27:00,46.094,1.0
2024-06-05 11:27:00,46.656,1.0
2024-06-05 11:28:00,46.688,1.0
2024-06-05 11:28:00,46.719,1.0
2024-06-05 11:29:00,46.906,1.0
2024-06-05 11:29:00,47.062,1.0
2024-06-05 11:30:00,46.969,1.0
2024-06-05 11:30:00,47.062,1.0
2024-06-05 11:31:00,47.75,1.0
2024-06-05 11:31:00,47.406,1.0
2024-06-05 11:32:00,47.0,1.0
2024-06-05 11:32:00,47.625,1.0
2024-06-05 11:33:00,47.094,1.0
2024-06-05 11:33:00,47.062,1.0
2024-06-05 11:34:00,47.438,1.0
2024-06-05 11:34:00,47.781,1.0
2024-06-05 11:35:00,48.031,1.0
2024-06-05 11:35:00,47.781,1.0
2024-06-05 11:36:00,48.469,1.0
2024-06-05 11:36:00,47.656,1.0
2024-06-05 11:37:00,48.25,1.0
2024-06-05 11:37:00,47.25,1.0
2024-06-05 11:38:00,47.688,1.0
2024-06-05 11:38:00,47.719,1.0
2024-06-05 11:39:00,48.125,1.0
2024-06-05 11:39:00,47.875,1.0
2024-06-05 11:40:00,47.719,1.0
2024-06-05 11:40:00,47.656,1.0
2024-06-05 11:41:00,47.75,1.0
2024-06-05 11:41:00,47.625,1.0
2024-06-05 11:42:00,47.031,1.0
2024-06-05 11:42:00,47.781,1.0
2024-06-05 11:43:00,47.562,1.0
2024-06-05 11:43:00,47.062,1.0
2024-06-05 11:44:00,46.469,1.0
2024-06-05 11:44:00,46.812,1.0
2024-06-05 11:45:00,45.438,1.0
2024-06-05 11:45:00,45.906,1.0
2024-06-05 11:46:00,44.75,1.0
2024-06-05 11:46:00,45.312,1.0
2024-06-05 11:47:00,44.438,1.0
2024-06-05 11:47:00,44.938,1.0
2024-06-05 11:48:00,45.062,1.0
2024-06-05 11:48:00,45.406,1.0
2024-06-05 11:49:00,45.438,1.0
2024-06-05 11:49:00,45.188,1.0
2024-06-05 11:50:00,44.562,1.0
2024-06-05 11:50:00,45.312,1.0
2024-06-05 11:51:00,46.125,1.0
2024-06-05 11:51:00,44.906,1.0
2024-06-05 11:52:00,45.469,1.0
2024-06-05 11:52:00,45.938,1.0
2024-06-05 11:53:00,44.969,1.0
2024-06-05 11:53:00,44.5,1.0
2024-06-05 11:54:00,44.5,1.0
2024-06-05 11:54:00,44.969,1.0
2024-06-05 11:55:00,44.312,1.0
2024-06-05 11:55:00,44.75,1.0
2024-06-05 11:56:00,44.188,1.0
2024-06-05 11:56:00,43.906,1.0
2024-06-05 11:57:00,44.344,1.0
2024-06-05 11:57:00,43.75,1.0
2024-06-05 11:58:00,44.5,1.0
2024-06-05 11:58:00,43.5,1.0
2024-06-05 11:59:00,44.031,1.0
2024-06-05 11:59:00,43.469,1.0
2024-06-05 12:00:00,43.969,1.0
2024-06-05 12:00:00,43.844,1.0
2024-06-05 12:01:00,43.281,1.0
2024-06-05 12:01:00,39.25,1.0
2024-06-05 12:02:00,42.094,1.0
2024-06-05 12:02:00,42.781,1.0
2024-06-05 12:03:00,43.156,1.0
2024-06-05 12:03:00,42.938,1.0
2024-06-05 12:04:00,42.875,1.0
2024-06-05 12:04:00,43.094,1.0
2024-06-05 12:05:00,43.188,1.0
2024-06-05 12:05:00,41.938,1.0
2024-06-05 12:06:00,43.156,1.0
2024-06-05 12:06:00,41.625,1.0
2024-06-05 12:07:00,41.031,1.0
2024-06-05 12:07:00,41.25,1.0
2024-06-05 12:08:00,41.781,1.0
2024-06-05 12:08:00,41.625,1.0
2024-06-05 12:09:00,41.0,1.0
2024-06-05 12:09:00,42.969,1.0
2024-06-05 12:10:00,41.469,1.0
2024-06-05 12:10:00,42.312,1.0
2024-06-05 12:11:00,39.969,1.0
2024-06-05 12:11:00,40.875,1.0
2024-06-05 12:12:00,40.969,1.0
2024-06-05 12:12:00,42.219,1.0
2024-06-05 12:13:00,43.062,1.0
2024-06-05 12:13:00,44.5,1.0
2024-06-05 12:14:00,42.688,1.0
2024-06-05 12:14:00,42.188,1.0
2024-06-05 12:15:00,42.312,1.0
2024-06-05 12:15:00,41.062,1.0
2024-06-05 12:16:00,42.781,1.0
2024-06-05 12:16:00,42.406,1.0
2024-06-05 12:17:00,43.312,1.0
2024-06-05 12:17:00,42.875,1.0
2024-06-05 12:18:00,42.5,1.0
2024-06-05 12:18:00,41.938,1.0
2024-06-05 12:19:00,41.812,1.0
2024-06-05 12:19:00,41.75,1.0
2024-06-05 12:20:00,41.0,1.0
2024-06-05 12:20:00,41.812,1.0
2024-06-05 12:21:00,41.812,1.0
2024-06-05 12:21:00,41.719,1.0
2024-06-05 12:22:00,41.062,1.0
2024-06-05 12:22:00,40.906,1.0
2024-06-05 12:23:00,40.688,1.0
2024-06-05 12:23:00,41.0,1.0
2024-06-05 12:24:00,41.281,1.0
2024-06-05 12:24:00,41.688,1.0
2024-06-05 12:25:00,40.469,1.0
2024-06-05 12:25:00,40.188,1.0
2024-06-05 12:26:00,40.312,1.0
2024-06-05 12:26:00,39.938,1.0
2024-06-05 12:27:00,39.688,1.0
2024-06-05 12:27:00,39.188,1.0
2024-06-05 12:28:00,39.438,1.0
2024-06-05 12:28:00,39.688,1.0
2024-06-05 12:29:00,39.062,1.0
2024-06-05 12:29:00,38.844,1.0
2024-06-05 12:30:00,37.906,1.0
2024-06-05 12:30:00,38.094,1.0
2024-06-05 12:31:00,38.406,1.0
2024-06-05 12:31:00,38.062,1.0
2024-06-05 12:32:00,37.906,1.0
2024-06-05 12:32:00,37.688,1.0
2024-06-05 12:33:00,37.5,1.0
2024-06-05 12:33:00,37.25,1.0
2024-06-05 12:34:00,38.219,1.0
2024-06-05 12:34:00,38.375,1.0
2024-06-05 12:35:00,37.125,1.0
2024-06-05 12:35:00,37.125,1.0
2024-06-05 12:36:00,38.5,1.0
2024-06-05 12:36:00,39.094,1.0
2024-06-05 12:37:00,38.656,1.0
2024-06-05 12:37:00,37.938,1.0
2024-06-05 12:38:00,37.812,1.0
2024-06-05 12:38:00,37.594,1.0
2024-06-05 12:39:00,36.812,1.0
2024-06-05 12:39:00,36.312,1.0
2024-06-05 12:40:00,35.906,1.0
2024-06-05 12:40:00,35.531,1.0
2024-06-05 12:41:00,34.688,1.0
2024-06-05 12:41:00,34.844,1.0
2024-06-05 12:42:00,34.812,1.0
2024-06-05 12:42:00,34.594,1.0
2024-06-05 12:43:00,34.594,1.0
2024-06-05 17:37:00,33.438,1.0
2024-06-05 17:37:00,33.219,1.0
2024-06-05 17:38:00,32.5,1.0
2024-06-05 17:38:00,33.188,1.0
2024-06-05 17:39:00,33.844,1.0
2024-06-05 17:39:00,33.312,1.0
2024-06-05 17:40:00,34.094,1.0
2024-06-05 17:40:00,33.844,1.0
2024-06-05 17:41:00,33.844,1.0
2024-06-05 17:41:00,33.312,1.0
2024-06-05 17:42:00,34.281,1.0
2024-06-05 17:42:00,34.875,1.0
2024-06-05 17:43:00,34.469,1.0
2024-06-05 17:43:00,34.312,1.0
2024-06-05 17:44:00,34.75,1.0
2024-06-05 17:44:00,35.094,1.0
2024-06-05 17:45:00,35.5,1.0
2024-06-05 17:45:00,35.156,1.0
2024-06-05 17:46:00,36.094,1.0
2024-06-05 17:46:00,37.031,1.0
2024-06-05 17:47:00,36.688,1.0
2024-06-05 17:47:00,36.531,1.0
2024-06-05 17:48:00,37.906,1.0
2024-06-05 17:48:00,37.781,1.0
2024-06-05 17:49:00,37.406,1.0
2024-06-05 17:49:00,37.312,1.0
2024-06-05 17:50:00,37.406,1.0
2024-06-05 17:50:00,37.344,1.0
2024-06-05 17:51:00,36.969,1.0
2024-06-05 17:51:00,36.562,1.0
2024-06-05 17:52:00,38.031,1.0
2024-06-05 17:52:00,37.812,1.0
2024-06-05 17:53:00,36.906,1.0
2024-06-05 17:53:00,37.438,1.0
2024-06-05 17:54:00,37.344,1.0
2024-06-05 17:54:00,36.719,1.0
2024-06-05 17:55:00,37.031,1.0
2024-06-05 17:55:00,37.812,1.0
2024-06-05 17:56:00,37.594,1.0
2024-06-05 17:56:00,38.156,1.0
2024-06-05 17:57:00,38.188,1.0
2024-06-05 17:57:00,38.594,1.0
2024-06-05 17:58:00,39.094,1.0
2024-06-05 17:58:00,38.844,1.0
2024-06-05 17:59:00,39.188,1.0
2024-06-05 17:59:00,39.031,1.0
2024-06-05 18:00:00,38.562,1.0
2024-06-05 18:00:00,38.875,1.0
2024-06-05 18:01:00,38.656,1.0
2024-06-05 18:01:00,38.0,1.0
2024-06-05 18:02:00,38.562,1.0
2024-06-05 18:02:00,38.188,1.0
2024-06-05 18:03:00,38.562,1.0
2024-06-05 18:03:00,38.594,1.0
2024-06-05 18:04:00,38.844,1.0
2024-06-05 18:04:00,38.938,1.0
2024-06-05 18:05:00,39.188,1.0
2024-06-05 18:05:00,39.75,1.0
2024-06-05 18:06:00,40.031,1.0
2024-06-05 18:06:00,40.438,1.0
2024-06-05 18:07:00,40.594,1.0
2024-06-05 18:07:00,40.656,1.0
2024-06-05 18:08:00,41.125,1.0
2024-06-05 18:08:00,40.344,1.0
2024-06-05 18:09:00,40.594,1.0
2024-06-05 18:09:00,40.312,1.0
2024-06-05 18:10:00,40.656,1.0
2024-06-05 18:10:00,40.312,1.0
2024-06-05 18:11:00,40.469,1.0
2024-06-05 18:11:00,40.75,1.0
2024-06-05 18:12:00,40.531,1.0
2024-06-05 18:12:00,40.625,1.0
2024-06-05 18:13:00,40.625,1.0
2024-06-05 18:13:00,40.781,1.0
2024-06-05 18:14:00,40.812,1.0
2024-06-05 18:14:00,40.812,1.0
2024-06-05 18:15:00,40.906,1.0
2024-06-05 18:15:00,41.0,1.0
2024-06-05 18:16:00,40.906,1.0
2024-06-05 18:16:00,41.125,1.0
2024-06-05 18:17:00,41.438,1.0
2024-06-05 18:17:00,40.688,1.0
2024-06-05 18:18:00,40.156,1.0
2024-06-05 18:18:00,40.0,1.0
2024-06-05 18:19:00,39.531,1.0
2024-06-05 18:19:00,39.125,1.0
2024-06-05 18:20:00,38.531,1.0
2024-06-05 18:20:00,38.5,1.0
2024-06-05 18:21:00,38.344,1.0
2024-06-05 18:21:00,38.062,1.0
2024-06-05 18:22:00,37.594,1.0
2024-06-05 18:22:00,37.406,1.0
2024-06-05 18:23:00,37.125,1.0
2024-06-05 18:23:00,37.031,1.0
2024-06-05 18:24:00,36.375,1.0
2024-06-05 18:24:00,36.125,1.0
2024-06-05 18:25:00,35.688,1.0
2024-06-05 18:25:00,36.062,1.0
2024-06-05 18:26:00,35.531,1.0
2024-06-05 18:26:00,36.5,1.0
2024-06-05 18:27:00,36.625,1.0
2024-06-05 18:27:00,37.375,1.0
2024-06-05 18:28:00,37.594,1.0
2024-06-05 18:28:00,38.031,1.0
2024-06-05 18:29:00,38.344,1.0
2024-06-05 18:29:00,38.188,1.0
2024-06-05 18:30:00,38.188,1.0
2024-06-05 18:30:00,38.219,1.0
2024-06-05 18:31:00,38.344,1.0
2024-06-05 18:31:00,38.219,1.0
2024-06-05 18:32:00,38.062,1.0
2024-06-05 18:32:00,38.25,1.0
2024-06-05 18:33:00,38.438,1.0
2024-06-05 18:33:00,38.5,1.0
2024-06-05 18:34:00,39.031,1.0
2024-06-05 18:34:00,38.812,1.0
2024-06-05 18:35:00,38.875,1.0
2024-06-05 18:35:00,38.531,1.0
2024-06-05 18:36:00,38.562,1.0
2024-06-05 18:36:00,38.656,1.0
2024-06-05 18:37:00,38.75,1.0
2024-06-05 18:37:00,39.219,1.0
2024-06-05 18:38:00,39.25,1.0
2024-06-05 18:38:00,38.906,1.0
2024-06-05 18:39:00,38.875,1.0
2024-06-05 18:39:00,38.844,1.0
2024-06-05 18:40:00,38.938,1.0
2024-06-05 18:40:00,38.938,1.0
2024-06-05 18:41:00,38.375,1.0
2024-06-05 18:41:00,38.344,1.0
2024-06-05 18:42:00,38.25,1.0
2024-06-05 18:42:00,38.781,1.0
2024-06-05 18:43:00,39.094,1.0
2024-06-05 18:43:00,39.719,1.0
2024-06-05 18:44:00,39.344,1.0
2024-06-05 18:44:00,39.625,1.0
2024-06-05 18:45:00,39.844,1.0
2024-06-05 18:45:00,40.5,1.0
2024-06-05 18:46:00,40.75,1.0
2024-06-05 18:46:00,41.062,1.0
2024-06-05 18:47:00,40.812,1.0
2024-06-05 18:47:00,40.75,1.0
2024-06-05 18:48:00,41.094,1.0
2024-06-05 18:48:00,41.469,1.0
2024-06-05 18:49:00,41.156,1.0
2024-06-05 18:49:00,41.531,1.0
2024-06-05 18:50:00,42.25,1.0
2024-06-05 18:50:00,42.25,1.0
2024-06-05 18:51:00,42.031,1.0
2024-06-05 18:51:00,42.031,1.0
2024-06-05 18:52:00,41.781,1.0
2024-06-05 18:52:00,42.031,1.0
2024-06-05 18:53:00,41.812,1.0
2024-06-05 18:53:00,42.062,1.0
2024-06-05 18:54:00,42.125,1.0
2024-06-05 18:54:00,42.469,1.0
2024-06-05 18:55:00,42.531,1.0
2024-06-05 18:55:00,42.5,1.0
2024-06-05 18:56:00,42.688,1.0
2024-06-05 18:56:00,42.438,1.0
2024-06-05 18:57:00,42.531,1.0
2024-06-05 18:57:00,43.062,1.0
2024-06-05 18:58:00,42.75,1.0
2024-06-05 18:58:00,42.25,1.0
2024-06-05 18:59:00,42.125,1.0
2024-06-05 18:59:00,41.875,1.0
2024-06-05 19:00:00,41.625,1.0
2024-06-05 19:00:00,41.156,1.0
2024-06-05 19:01:00,41.5,1.0
2024-06-05 19:01:00,41.094,1.0
2024-06-05 19:02:00,40.75,1.0
2024-06-05 19:02:00,40.625,1.0
2024-06-05 19:03:00,40.0,1.0
2024-06-05 19:03:00,40.25,1.0
2024-06-05 19:04:00,40.5,1.0
2024-06-05 19:04:00,40.281,1.0
2024-06-05 19:05:00,40.5,1.0
2024-06-05 19:05:00,41.0,1.0
2024-06-05 19:06:00,41.344,1.0
2024-06-05 19:06:00,40.938,1.0
2024-06-05 19:07:00,41.656,1.0
2024-06-05 19:07:00,41.875,1.0
2024-06-05 19:08:00,41.594,1.0
2024-06-05 19:08:00,41.25,1.0
2024-06-05 19:09:00,41.062,1.0
2024-06-05 19:09:00,40.438,1.0
2024-06-05 19:10:00,40.094,1.0
2024-06-05 19:10:00,39.969,1.0
2024-06-05 19:11:00,39.594,1.0
2024-06-05 19:11:00,39.25,1.0
2024-06-05 19:12:00,38.844,1.0
2024-06-05 19:12:00,39.094,1.0
2024-06-05 19:13:00,39.062,1.0
2024-06-05 19:13:00,38.969,1.0
2024-06-05 19:14:00,38.906,1.0
2024-06-05 19:14:00,39.031,1.0
2024-06-05 19:15:00,39.156,1.0
2024-06-06 09:02:00,34.594,1.0
2024-06-06 09:02:00,33.656,1.0
2024-06-06 09:03:00,34.406,1.0
2024-06-06 09:03:00,34.469,1.0
2024-06-06 09:04:00,34.781,1.0
2024-06-06 09:04:00,34.5,1.0
2024-06-06 09:05:00,34.656,1.0
2024-06-06 09:05:00,34.25,1.0
2024-06-06 09:06:00,33.469,1.0
2024-06-06 09:06:00,34.062,1.0
2024-06-06 09:07:00,34.594,1.0
2024-06-06 09:07:00,35.594,1.0
2024-06-06 09:08:00,34.906,1.0
2024-06-06 09:08:00,34.594,1.0
2024-06-06 09:09:00,34.656,1.0
2024-06-06 09:09:00,34.094,1.0
2024-06-06 09:10:00,35.281,1.0
2024-06-06 09:10:00,36.781,1.0
2024-06-06 09:11:00,35.969,1.0
2024-06-06 09:11:00,35.594,1.0
2024-06-06 09:12:00,35.156,1.0
2024-06-06 09:12:00,34.844,1.0
2024-06-06 09:13:00,35.156,1.0
2024-06-06 09:13:00,35.656,1.0
2024-06-06 09:14:00,36.219,1.0
2024-06-06 09:14:00,36.094,1.0
2024-06-06 09:15:00,35.156,1.0
2024-06-06 09:15:00,35.5,1.0
2024-06-06 09:16:00,35.5,1.0
2024-06-06 09:16:00,36.594,1.0
2024-06-06 09:17:00,36.188,1.0
2024-06-06 09:17:00,36.0,1.0
2024-06-06 09:18:00,37.0,1.0
2024-06-06 09:18:00,37.125,1.0
2024-06-06 09:19:00,37.562,1.0
2024-06-06 09:19:00,37.469,1.0
2024-06-06 09:20:00,38.062,1.0
2024-06-06 09:20:00,38.094,1.0
2024-06-06 09:21:00,38.156,1.0
2024-06-06 09:21:00,38.656,1.0
2024-06-06 09:22:00,38.812,1.0
2024-06-06 09:22:00,38.75,1.0
2024-06-06 09:23:00,38.594,1.0
2024-06-06 09:23:00,38.844,1.0
2024-06-06 09:24:00,38.781,1.0
2024-06-06 09:24:00,39.156,1.0
2024-06-06 09:25:00,39.094,1.0
2024-06-06 09:25:00,39.281,1.0
2024-06-06 09:26:00,39.375,1.0
2024-06-06 09:26:00,39.438,1.0
2024-06-06 09:27:00,39.719,1.0
2024-06-06 09:27:00,40.156,1.0
2024-06-06 09:28:00,40.406,1.0
2024-06-06 09:28:00,40.125,1.0
2024-06-06 09:29:00,39.844,1.0
2024-06-06 09:29:00,39.938,1.0
2024-06-06 09:30:00,40.406,1.0
2024-06-06 09:30:00,40.625,1.0
2024-06-06 09:31:00,40.469,1.0
2024-06-06 09:31:00,40.594,1.0
2024-06-06 09:32:00,41.031,1.0
2024-06-06 09:32:00,40.938,1.0
2024-06-06 09:33:00,41.875,1.0
2024-06-06 09:33:00,42.25,1.0
2024-06-06 09:34:00,42.562,1.0
2024-06-06 09:34:00,42.938,1.0
2024-06-06 09:35:00,43.25,1.0
2024-06-06 09:35:00,43.406,1.0
2024-06-06 09:36:00,43.094,1.0
2024-06-06 09:36:00,42.562,1.0
2024-06-06 09:37:00,43.125,1.0
2024-06-06 09:37:00,42.812,1.0
2024-06-06 09:38:00,42.438,1.0
2024-06-06 09:38:00,43.25,1.0
2024-06-06 09:39:00,43.344,1.0
2024-06-06 09:39:00,43.812,1.0
2024-06-06 09:40:00,43.969,1.0
2024-06-06 09:40:00,44.062,1.0
2024-06-06 09:41:00,44.312,1.0
2024-06-06 09:41:00,44.031,1.0
2024-06-06 09:42:00,44.062,1.0
2024-06-06 09:42:00,44.438,1.0
2024-06-06 09:43:00,44.594,1.0
2024-06-06 09:43:00,44.375,1.0
2024-06-06 09:44:00,44.688,1.0
2024-06-06 09:44:00,44.625,1.0
2024-06-06 09:45:00,45.219,1.0
2024-06-06 09:45:00,45.312,1.0
2024-06-06 09:46:00,45.25,1.0
2024-06-06 09:46:00,45.656,1.0
2024-06-06 09:47:00,45.938,1.0
2024-06-06 09:47:00,45.875,1.0
2024-06-06 09:48:00,46.094,1.0
2024-06-06 09:48:00,46.281,1.0
2024-06-06 09:49:00,46.375,1.0
2024-06-06 09:49:00,46.844,1.0
2024-06-06 09:50:00,46.562,1.0
2024-06-06 09:50:00,46.406,1.0
2024-06-06 09:51:00,46.312,1.0
2024-06-06 09:51:00,46.469,1.0
2024-06-06 09:52:00,46.469,1.0
2024-06-06 09:52:00,46.531,1.0
2024-06-06 09:53:00,46.812,1.0
2024-06-06 09:53:00,46.938,1.0
2024-06-06 09:54:00,46.594,1.0
2024-06-06 09:54:00,46.75,1.0
2024-06-06 09:55:00,46.688,1.0
2024-06-06 09:55:00,47.062,1.0
2024-06-06 09:56:00,47.312,1.0
2024-06-06 09:56:00,47.438,1.0
2024-06-06 09:57:00,47.625,1.0
2024-06-06 09:57:00,47.906,1.0
2024-06-06 09:58:00,47.875,1.0
2024-06-06 09:58:00,47.844,1.0
2024-06-06 09:59:00,48.281,1.0
2024-06-06 09:59:00,48.344,1.0
2024-06-06 10:00:00,48.844,1.0
2024-06-06 10:00:00,48.594,1.0
2024-06-06 10:01:00,48.75,1.0
2024-06-06 10:01:00,49.0,1.0
2024-06-06 10:02:00,48.625,1.0
2024-06-06 10:02:00,48.875,1.0
2024-06-06 10:03:00,49.094,1.0
2024-06-06 10:03:00,49.344,1.0
2024-06-06 10:04:00,48.969,1.0
2024-06-06 10:04:00,48.594,1.0
2024-06-06 10:05:00,48.5,1.0
2024-06-06 10:05:00,48.281,1.0
2024-06-06 10:06:00,48.344,1.0
2024-06-06 10:06:00,48.188,1.0
2024-06-06 10:07:00,47.938,1.0
2024-06-06 10:07:00,47.781,1.0
2024-06-06 10:08:00,47.656,1.0
2024-06-06 10:08:00,47.562,1.0
2024-06-06 10:09:00,47.906,1.0
2024-06-06 10:09:00,48.0,1.0
2024-06-06 10:10:00,48.031,1.0
2024-06-06 10:10:00,47.594,1.0
2024-06-06 10:11:00,47.312,1.0
2024-06-06 10:11:00,47.531,1.0
2024-06-06 10:12:00,47.0,1.0
2024-06-06 10:12:00,47.031,1.0
2024-06-06 10:13:00,46.562,1.0
2024-06-06 10:13:00,46.531,1.0
2024-06-06 10:14:00,46.688,1.0
2024-06-06 10:14:00,46.781,1.0
2024-06-06 10:15:00,46.594,1.0
2024-06-06 10:15:00,46.75,1.0
2024-06-06 10:16:00,47.594,1.0
2024-06-06 10:16:00,47.25,1.0
2024-06-06 10:17:00,47.312,1.0
2024-06-06 10:17:00,47.438,1.0
2024-06-06 10:18:00,47.25,1.0
2024-06-06 10:18:00,47.531,1.0
2024-06-06 10:19:00,47.125,1.0
2024-06-06 10:19:00,47.219,1.0
2024-06-06 10:20:00,47.281,1.0
2024-06-06 10:20:00,47.281,1.0
2024-06-06 10:21:00,47.562,1.0
2024-06-06 10:21:00,47.781,1.0
2024-06-06 10:22:00,47.844,1.0
2024-06-06 10:22:00,47.938,1.0
2024-06-06 10:23:00,48.312,1.0
2024-06-06 10:23:00,48.25,1.0
2024-06-06 10:24:00,48.344,1.0
2024-06-06 10:24:00,48.562,1.0
2024-06-06 10:25:00,48.812,1.0
2024-06-06 10:25:00,48.625,1.0
2024-06-06 10:26:00,48.656,1.0
2024-06-06 10:26:00,48.844,1.0
2024-06-06 10:27:00,48.625,1.0
2024-06-06 10:27:00,48.656,1.0
2024-06-06 10:28:00,49.0,1.0
2024-06-06 10:28:00,49.531,1.0
2024-06-06 10:29:00,49.5,1.0
2024-06-06 10:29:00,49.469,1.0
2024-06-06 10:30:00,49.375,1.0
2024-06-06 10:30:00,49.469,1.0
2024-06-06 10:31:00,49.531,1.0
2024-06-06 10:31:00,49.562,1.0
2024-06-06 10:32:00,49.281,1.0
2024-06-06 10:32:00,49.531,1.0
2024-06-06 10:33:00,49.5,1.0
2024-06-06 10:33:00,49.312,1.0
2024-06-06 10:34:00,49.719,1.0
2024-06-06 10:34:00,49.188,1.0
2024-06-06 10:35:00,49.656,1.0
2024-06-06 10:35:00,49.688,1.0
2024-06-06 10:36:00,49.469,1.0
2024-06-06 10:36:00,49.688,1.0
2024-06-06 10:37:00,49.562,1.0
2024-06-06 10:37:00,50.0,1.0
2024-06-06 10:38:00,49.906,1.0
2024-06-06 10:38:00,49.938,1.0
2024-06-06 10:39:00,49.906,1.0
2024-06-06 10:39:00,50.031,1.0
2024-06-06 10:40:00,50.156,1.0
2024-06-06 10:40:00,50.219,1.0
2024-06-06 10:41:00,50.438,1.0
2024-06-06 10:41:00,50.625,1.0
2024-06-06 10:42:00,50.844,1.0
2024-06-06 10:42:00,50.938,1.0
2024-06-06 10:43:00,50.938,1.0
2024-06-06 10:43:00,51.0,1.0
2024-06-06 10:44:00,51.0,1.0
2024-06-06 10:44:00,50.688,1.0
2024-06-06 10:45:00,50.844,1.0
2024-06-06 10:45:00,50.781,1.0
2024-06-06 10:46:00,51.094,1.0
2024-06-06 10:46:00,51.0,1.0
2024-06-06 10:47:00,50.969,1.0
2024-06-06 10:47:00,51.0,1.0
2024-06-06 10:48:00,50.969,1.0
2024-06-06 10:48:00,50.938,1.0
2024-06-06 10:49:00,50.906,1.0
2024-06-06 10:49:00,50.656,1.0
2024-06-06 10:50:00,50.875,1.0
2024-06-06 10:50:00,50.812,1.0
2024-06-06 10:51:00,50.812,1.0
2024-06-06 10:51:00,50.812,1.0
2024-06-06 10:52:00,50.844,1.0
2024-06-06 10:52:00,50.469,1.0
2024-06-06 10:53:00,50.5,1.0
2024-06-06 10:53:00,50.406,1.0
2024-06-06 10:54:00,50.344,1.0
2024-06-06 10:54:00,50.344,1.0
2024-06-06 10:55:00,50.406,1.0
2024-06-06 10:55:00,50.281,1.0
2024-06-06 10:56:00,50.219,1.0
2024-06-06 10:56:00,49.719,1.0
2024-06-06 10:57:00,49.531,1.0
2024-06-06 10:57:00,49.531,1.0
2024-06-06 10:58:00,49.312,1.0
2024-06-06 10:58:00,49.188,1.0
2024-06-06 10:59:00,49.062,1.0
2024-06-06 10:59:00,48.938,1.0
2024-06-06 11:00:00,48.875,1.0
2024-06-06 11:00:00,48.906,1.0
2024-06-06 11:01:00,49.25,1.0
2024-06-06 11:01:00,48.719,1.0
2024-06-06 11:02:00,48.75,1.0
2024-06-06 11:02:00,48.375,1.0
2024-06-06 11:03:00,47.969,1.0
2024-06-06 11:03:00,48.125,1.0
2024-06-06 11:04:00,47.812,1.0
2024-06-06 11:04:00,47.5,1.0
2024-06-06 11:05:00,46.844,1.0
2024-06-06 11:05:00,46.781,1.0
2024-06-06 11:06:00,46.656,1.0
2024-06-06 11:06:00,47.094,1.0
2024-06-06 11:07:00,46.844,1.0
2024-06-06 11:07:00,46.844,1.0
2024-06-06 11:08:00,46.625,1.0
2024-06-06 11:08:00,46.875,1.0
2024-06-06 11:09:00,47.188,1.0
2024-06-06 11:09:00,47.156,1.0
2024-06-06 11:10:00,46.938,1.0
2024-06-06 11:10:00,47.438,1.0
2024-06-06 11:11:00,47.406,1.0
2024-06-06 11:11:00,47.188,1.0
2024-06-06 11:12:00,47.281,1.0
2024-06-06 11:12:00,47.375,1.0
2024-06-06 11:13:00,47.812,1.0
2024-06-06 11:13:00,47.688,1.0
2024-06-06 11:14:00,47.719,1.0
2024-06-06 11:14:00,47.531,1.0
2024-06-06 11:15:00,47.469,1.0
2024-06-06 11:15:00,47.438,1.0
2024-06-06 11:16:00,47.281,1.0
2024-06-06 11:16:00,46.969,1.0
2024-06-06 11:17:00,46.938,1.0
2024-06-06 11:17:00,46.938,1.0
2024-06-06 11:18:00,47.031,1.0
2024-06-06 11:18:00,46.812,1.0
2024-06-06 11:19:00,46.406,1.0
2024-06-06 11:19:00,46.031,1.0
2024-06-06 11:20:00,46.188,1.0
2024-06-06 11:20:00,46.438,1.0
2024-06-06 11:21:00,46.281,1.0
2024-06-06 11:21:00,46.062,1.0
2024-06-06 11:22:00,45.781,1.0
2024-06-06 11:22:00,45.844,1.0
2024-06-06 11:23:00,46.25,1.0
2024-06-06 11:23:00,45.938,1.0
2024-06-06 11:24:00,45.406,1.0
2024-06-06 11:24:00,46.156,1.0
2024-06-06 11:25:00,46.656,1.0
2024-06-06 11:25:00,46.406,1.0
2024-06-06 11:26:00,46.312,1.0
2024-06-06 11:26:00,45.969,1.0
2024-06-06 11:27:00,47.562,1.0
2024-06-06 11:27:00,47.094,1.0
2024-06-06 11:28:00,47.75,1.0
2024-06-06 11:28:00,47.469,1.0
2024-06-06 11:29:00,47.219,1.0
2024-06-06 11:29:00,46.781,1.0
2024-06-06 11:30:00,47.188,1.0
2024-06-06 11:30:00,47.719,1.0
2024-06-06 11:31:00,47.438,1.0
2024-06-06 11:31:00,47.781,1.0
2024-06-06 11:32:00,47.656,1.0
2024-06-06 11:32:00,47.656,1.0
2024-06-06 11:33:00,48.031,1.0
2024-06-06 11:33:00,48.031,1.0
2024-06-06 11:34:00,46.75,1.0
2024-06-06 11:34:00,46.531,1.0
2024-06-06 11:35:00,47.938,1.0
2024-06-06 11:35:00,47.5,1.0
2024-06-06 11:36:00,45.906,1.0
2024-06-06 11:36:00,47.938,1.0
2024-06-06 11:37:00,47.531,1.0
2024-06-06 11:37:00,46.906,1.0
2024-06-06 11:38:00,47.625,1.0
2024-06-06 11:38:00,46.844,1.0
2024-06-06 11:39:00,46.0,1.0
2024-06-06 11:39:00,46.094,1.0
2024-06-06 11:40:00,44.875,1.0
2024-06-06 11:40:00,45.938,1.0
2024-06-06 11:41:00,45.812,1.0
2024-06-06 11:41:00,45.375,1.0
2024-06-06 11:42:00,45.469,1.0
2024-06-06 11:42:00,45.031,1.0
2024-06-06 11:43:00,44.812,1.0
2024-06-06 11:43:00,45.031,1.0
2024-06-06 11:44:00,44.906,1.0
2024-06-06 11:44:00,45.062,1.0
2024-06-06 11:45:00,45.375,1.0
2024-06-06 11:45:00,45.156,1.0
2024-06-06 11:46:00,45.188,1.0
2024-06-06 11:46:00,44.938,1.0
2024-06-06 11:47:00,44.75,1.0
2024-06-06 11:47:00,44.812,1.0
2024-06-06 11:48:00,45.0,1.0
2024-06-06 11:48:00,45.219,1.0
2024-06-06 11:49:00,45.5,1.0
2024-06-06 11:49:00,45.125,1.0
2024-06-06 11:50:00,44.875,1.0
2024-06-06 11:50:00,44.656,1.0
2024-06-06 11:51:00,44.5,1.0
2024-06-06 11:51:00,44.219,1.0
2024-06-06 11:52:00,44.094,1.0
2024-06-06 11:52:00,43.938,1.0
2024-06-06 11:53:00,43.406,1.0
2024-06-06 11:53:00,44.031,1.0
2024-06-06 11:54:00,43.844,1.0
2024-06-06 11:54:00,43.719,1.0
2024-06-06 11:55:00,43.812,1.0
2024-06-06 11:55:00,43.219,1.0
2024-06-06 11:56:00,42.281,1.0
2024-06-06 11:56:00,43.0,1.0
2024-06-06 11:57:00,42.75,1.0
2024-06-06 11:57:00,42.5,1.0
2024-06-06 11:58:00,43.094,1.0
2024-06-06 11:58:00,42.312,1.0
2024-06-06 11:59:00,43.406,1.0
2024-06-06 11:59:00,42.375,1.0
2024-06-06 12:00:00,42.062,1.0
2024-06-06 12:00:00,42.5,1.0
2024-06-06 12:01:00,41.875,1.0
2024-06-06 12:01:00,44.031,1.0
2024-06-06 12:02:00,42.562,1.0
2024-06-06 12:02:00,41.344,1.0
2024-06-06 12:03:00,41.594,1.0
2024-06-06 12:03:00,41.812,1.0
2024-06-06 12:04:00,42.25,1.0
2024-06-06 12:04:00,41.344,1.0
2024-06-06 12:05:00,41.375,1.0
2024-06-06 12:05:00,42.688,1.0
2024-06-06 12:06:00,42.375,1.0
2024-06-06 12:06:00,42.031,1.0
2024-06-06 12:07:00,41.219,1.0
2024-06-06 12:07:00,42.719,1.0
2024-06-06 12:08:00,42.438,1.0
2024-06-06 12:08:00,42.281,1.0
2024-06-06 12:09:00,42.375,1.0
2024-06-06 12:09:00,42.875,1.0
2024-06-06 12:10:00,42.875,1.0
2024-06-06 12:10:00,41.781,1.0
2024-06-06 12:11:00,42.156,1.0
2024-06-06 12:11:00,42.531,1.0
2024-06-06 12:12:00,41.75,1.0
2024-06-06 12:12:00,42.469,1.0
2024-06-06 12:13:00,43.156,1.0
2024-06-06 12:13:00,42.812,1.0
2024-06-06 12:14:00,42.438,1.0
2024-06-06 12:14:00,42.125,1.0
2024-06-06 12:15:00,42.062,1.0
2024-06-06 12:15:00,42.0,1.0
2024-06-06 12:16:00,42.0,1.0
2024-06-06 12:16:00,42.0,1.0
2024-06-06 12:17:00,41.406,1.0
2024-06-06 12:17:00,41.125,1.0
2024-06-06 12:18:00,40.594,1.0
2024-06-06 12:18:00,40.875,1.0
2024-06-06 12:19:00,40.75,1.0
2024-06-06 12:19:00,40.562,1.0
2024-06-06 12:20:00,41.031,1.0
2024-06-06 12:20:00,40.938,1.0
2024-06-06 12:21:00,40.125,1.0
2024-06-06 12:21:00,40.031,1.0
2024-06-06 12:22:00,39.625,1.0
2024-06-06 12:22:00,39.812,1.0
2024-06-06 12:23:00,39.406,1.0
2024-06-06 12:23:00,38.938,1.0
2024-06-06 12:24:00,39.094,1.0
2024-06-06 12:24:00,39.406,1.0
2024-06-06 12:25:00,39.156,1.0
2024-06-06 12:25:00,38.844,1.0
2024-06-06 12:26:00,37.812,1.0
2024-06-06 12:26:00,38.188,1.0
2024-06-06 12:27:00,38.5,1.0
2024-06-06 12:27:00,38.0,1.0
2024-06-06 12:28:00,37.656,1.0
2024-06-06 12:28:00,37.812,1.0
2024-06-06 12:29:00,37.625,1.0
2024-06-06 12:29:00,37.719,1.0
2024-06-06 12:30:00,38.344,1.0
2024-06-06 12:30:00,38.312,1.0
2024-06-06 12:31:00,37.312,1.0
2024-06-06 12:31:00,37.344,1.0
2024-06-06 12:32:00,38.531,1.0
2024-06-06 12:32:00,39.156,1.0
2024-06-06 12:33:00,38.312,1.0
2024-06-06 12:33:00,37.844,1.0
2024-06-06 12:34:00,37.875,1.0
2024-06-06 12:34:00,37.656,1.0
2024-06-06 12:35:00,36.312,1.0
2024-06-06 12:35:00,36.0,1.0
2024-06-06 12:36:00,35.562,1.0
2024-06-06 12:36:00,35.094,1.0
2024-06-06 12:37:00,34.875,1.0
2024-06-06 12:37:00,34.906,1.0
2024-06-06 12:38:00,34.594,1.0
2024-06-06 12:38:00,34.281,1.0
2024-06-06 12:39:00,34.906,1.0
2024-06-06 17:33:00,33.062,1.0
2024-06-06 17:33:00,32.875,1.0
2024-06-06 17:34:00,32.5,1.0
2024-06-06 17:34:00,33.344,1.0
2024-06-06 17:35:00,33.812,1.0
2024-06-06 17:35:00,33.281,1.0
2024-06-06 17:36:00,33.938,1.0
2024-06-06 17:36:00,33.688,1.0
2024-06-06 17:37:00,33.438,1.0
2024-06-06 17:37:00,33.594,1.0
2024-06-06 17:38:00,34.5,1.0
2024-06-06 17:38:00,34.531,1.0
2024-06-06 17:39:00,34.281,1.0
2024-06-06 17:39:00,34.25,1.0
2024-06-06 17:40:00,34.844,1.0
2024-06-06 17:40:00,35.344,1.0
2024-06-06 17:41:00,35.094,1.0
2024-06-06 17:41:00,35.094,1.0
2024-06-06 17:42:00,36.094,1.0
2024-06-06 17:42:00,36.938,1.0
2024-06-06 17:43:00,36.625,1.0
2024-06-06 17:43:00,36.625,1.0
2024-06-06 17:44:00,37.719,1.0
2024-06-06 17:44:00,37.344,1.0
2024-06-06 17:45:00,37.25,1.0
2024-06-06 17:45:00,36.969,1.0
2024-06-06 17:46:00,37.281,1.0
2024-06-06 17:46:00,37.719,1.0
2024-06-06 17:47:00,36.875,1.0
2024-06-06 17:47:00,36.688,1.0
2024-06-06 17:48:00,37.438,1.0
2024-06-06 17:48:00,36.906,1.0
2024-06-06 17:49:00,36.75,1.0
2024-06-06 17:49:00,37.25,1.0
2024-06-06 17:50:00,37.688,1.0
2024-06-06 17:50:00,37.219,1.0
2024-06-06 17:51:00,37.562,1.0
2024-06-06 17:51:00,38.281,1.0
2024-06-06 17:52:00,37.781,1.0
2024-06-06 17:52:00,38.688,1.0
2024-06-06 17:53:00,38.312,1.0
2024-06-06 17:53:00,39.094,1.0
2024-06-06 17:54:00,39.219,1.0
2024-06-06 17:54:00,38.906,1.0
2024-06-06 17:55:00,39.344,1.0
2024-06-06 17:55:00,39.188,1.0
2024-06-06 17:56:00,38.938,1.0
2024-06-06 17:56:00,38.938,1.0
2024-06-06 17:57:00,38.562,1.0
2024-06-06 17:57:00,38.312,1.0
2024-06-06 17:58:00,39.406,1.0
2024-06-06 17:58:00,38.5,1.0
2024-06-06 17:59:00,39.0,1.0
2024-06-06 17:59:00,38.531,1.0
2024-06-06 18:00:00,39.062,1.0
2024-06-06 18:00:00,39.344,1.0
2024-06-06 18:01:00,39.375,1.0
2024-06-06 18:01:00,40.219,1.0
2024-06-06 18:02:00,39.906,1.0
2024-06-06 18:02:00,40.75,1.0
2024-06-06 18:03:00,40.5,1.0
2024-06-06 18:03:00,41.0,1.0
2024-06-06 18:04:00,40.781,1.0
2024-06-06 18:04:00,40.688,1.0
2024-06-06 18:05:00,40.875,1.0
2024-06-06 18:05:00,40.469,1.0
2024-06-06 18:06:00,40.938,1.0
2024-06-06 18:06:00,40.375,1.0
2024-06-06 18:07:00,40.625,1.0
2024-06-06 18:07:00,40.5,1.0
2024-06-06 18:08:00,40.469,1.0
2024-06-06 18:08:00,40.75,1.0
2024-06-06 18:09:00,41.031,1.0
2024-06-06 18:09:00,40.844,1.0
2024-06-06 18:10:00,40.844,1.0
2024-06-06 18:10:00,40.594,1.0
2024-06-06 18:11:00,40.75,1.0
2024-06-06 18:11:00,40.688,1.0
2024-06-06 18:12:00,40.844,1.0
2024-06-06 18:12:00,41.281,1.0
2024-06-06 18:13:00,40.844,1.0
2024-06-06 18:13:00,40.688,1.0
2024-06-06 18:14:00,40.062,1.0
2024-06-06 18:14:00,39.812,1.0
2024-06-06 18:15:00,39.094,1.0
2024-06-06 18:15:00,38.531,1.0
2024-06-06 18:16:00,38.5,1.0
2024-06-06 18:16:00,38.312,1.0
2024-06-06 18:17:00,38.219,1.0
2024-06-06 18:17:00,37.75,1.0
2024-06-06 18:18:00,37.375,1.0
2024-06-06 18:18:00,37.625,1.0
2024-06-06 18:19:00,36.781,1.0
2024-06-06 18:19:00,36.844,1.0
2024-06-06 18:20:00,36.438,1.0
2024-06-06 18:20:00,35.812,1.0
2024-06-06 18:21:00,35.656,1.0
2024-06-06 18:21:00,36.031,1.0
2024-06-06 18:22:00,36.094,1.0
2024-06-06 18:22:00,36.562,1.0
2024-06-06 18:23:00,36.688,1.0
2024-06-06 18:23:00,37.344,1.0
2024-06-06 18:24:00,37.312,1.0
2024-06-06 18:24:00,38.188,1.0
2024-06-06 18:25:00,38.312,1.0
2024-06-06 18:25:00,38.438,1.0
2024-06-06 18:26:00,38.5,1.0
2024-06-06 18:26:00,38.0,1.0
2024-06-06 18:27:00,38.188,1.0
2024-06-06 18:27:00,37.938,1.0
2024-06-06 18:28:00,38.094,1.0
2024-06-06 18:28:00,38.344,1.0
2024-06-06 18:29:00,38.281,1.0
2024-06-06 18:29:00,38.375,1.0
2024-06-06 18:30:00,38.812,1.0
2024-06-06 18:30:00,38.875,1.0
2024-06-06 18:31:00,38.75,1.0
2024-06-06 18:31:00,38.5,1.0
2024-06-06 18:32:00,38.219,1.0
2024-06-06 18:32:00,38.531,1.0
2024-06-06 18:33:00,38.906,1.0
2024-06-06 18:33:00,39.375,1.0
2024-06-06 18:34:00,39.0,1.0
2024-06-06 18:34:00,38.875,1.0
2024-06-06 18:35:00,38.531,1.0
2024-06-06 18:35:00,38.594,1.0
2024-06-06 18:36:00,38.75,1.0
2024-06-06 18:36:00,38.438,1.0
2024-06-06 18:37:00,38.688,1.0
2024-06-06 18:37:00,38.281,1.0
2024-06-06 18:38:00,38.281,1.0
2024-06-06 18:38:00,38.688,1.0
2024-06-06 18:39:00,39.344,1.0
2024-06-06 18:39:00,39.688,1.0
2024-06-06 18:40:00,39.406,1.0
2024-06-06 18:40:00,39.375,1.0
2024-06-06 18:41:00,40.188,1.0
2024-06-06 18:41:00,40.156,1.0
2024-06-06 18:42:00,40.719,1.0
2024-06-06 18:42:00,40.906,1.0
2024-06-06 18:43:00,41.094,1.0
2024-06-06 18:43:00,40.625,1.0
2024-06-06 18:44:00,41.188,1.0
2024-06-06 18:44:00,41.531,1.0
2024-06-06 18:45:00,41.344,1.0
2024-06-06 18:45:00,41.469,1.0
2024-06-06 18:46:00,42.25,1.0
2024-06-06 18:46:00,42.219,1.0
2024-06-06 18:47:00,42.094,1.0
2024-06-06 18:47:00,42.062,1.0
2024-06-06 18:48:00,41.625,1.0
2024-06-06 18:48:00,41.625,1.0
2024-06-06 18:49:00,41.719,1.0
2024-06-06 18:49:00,41.969,1.0
2024-06-06 18:50:00,42.219,1.0
2024-06-06 18:50:00,42.281,1.0
2024-06-06 18:51:00,42.406,1.0
2024-06-06 18:51:00,42.625,1.0
2024-06-06 18:52:00,42.625,1.0
2024-06-06 18:52:00,42.312,1.0
2024-06-06 18:53:00,42.469,1.0
2024-06-06 18:53:00,42.625,1.0
2024-06-06 18:54:00,42.125,1.0
2024-06-06 18:54:00,42.062,1.0
2024-06-06 18:55:00,41.844,1.0
2024-06-06 18:55:00,41.625,1.0
2024-06-06 18:56:00,40.938,1.0
2024-06-06 18:56:00,40.875,1.0
2024-06-06 18:57:00,41.062,1.0
2024-06-06 18:57:00,40.719,1.0
2024-06-06 18:58:00,40.156,1.0
2024-06-06 18:58:00,40.281,1.0
2024-06-06 18:59:00,39.906,1.0
2024-06-06 18:59:00,40.031,1.0
2024-06-06 19:00:00,39.906,1.0
2024-06-06 19:00:00,40.125,1.0
2024-06-06 19:01:00,40.562,1.0
2024-06-06 19:01:00,40.906,1.0
2024-06-06 19:02:00,40.625,1.0
2024-06-06 19:02:00,40.656,1.0
2024-06-06 19:03:00,41.344,1.0
2024-06-06 19:03:00,41.281,1.0
2024-06-06 19:04:00,40.781,1.0
2024-06-06 19:04:00,40.719,1.0
2024-06-06 19:05:00,40.469,1.0
2024-06-06 19:05:00,39.75,1.0
2024-06-06 19:06:00,39.344,1.0
2024-06-06 19:06:00,39.031,1.0
2024-06-06 19:07:00,38.75,1.0
2024-06-06 19:07:00,38.531,1.0
2024-06-06 19:08:00,38.344,1.0
2024-06-06 19:08:00,38.719,1.0
2024-06-06 19:09:00,38.625,1.0
2024-06-06 19:09:00,38.594,1.0
2024-06-06 19:10:00,38.75,1.0
2024-06-06 19:10:00,38.688,1.0
2024-06-06 19:11:00,38.812,1.0
2024-06-07 08:57:00,35.344,1.0
2024-06-07 08:58:00,34.031,1.0
2024-06-07 08:58:00,33.406,1.0
2024-06-07 08:59:00,34.344,1.0
2024-06-07 08:59:00,34.75,1.0
2024-06-07 09:00:00,35.156,1.0
2024-06-07 09:00:00,34.75,1.0
2024-06-07 09:01:00,34.625,1.0
2024-06-07 09:01:00,34.219,1.0
2024-06-07 09:02:00,34.094,1.0
2024-06-07 09:02:00,34.531,1.0
2024-06-07 09:03:00,34.844,1.0
2024-06-07 09:03:00,35.406,1.0
2024-06-07 09:04:00,35.0,1.0
2024-06-07 09:04:00,34.375,1.0
2024-06-07 09:05:00,34.406,1.0
2024-06-07 09:05:00,34.562,1.0
2024-06-07 09:06:00,35.719,1.0
2024-06-07 09:06:00,36.469,1.0
2024-06-07 09:07:00,36.031,1.0
2024-06-07 09:07:00,35.562,1.0
2024-06-07 09:08:00,34.75,1.0
2024-06-07 09:08:00,35.219,1.0
2024-06-07 09:09:00,35.688,1.0
2024-06-07 09:09:00,36.031,1.0
2024-06-07 09:10:00,36.344,1.0
2024-06-07 09:10:00,35.531,1.0
2024-06-07 09:11:00,35.031,1.0
2024-06-07 09:11:00,35.219,1.0
2024-06-07 09:12:00,35.938,1.0
2024-06-07 09:12:00,36.219,1.0
2024-06-07 09:13:00,36.531,1.0
2024-06-07 09:13:00,36.062,1.0
2024-06-07 09:14:00,37.0,1.0
2024-06-07 09:14:00,37.219,1.0
2024-06-07 09:15:00,37.344,1.0
2024-06-07 09:15:00,37.531,1.0
2024-06-07 09:16:00,38.125,1.0
2024-06-07 09:16:00,37.969,1.0
2024-06-07 09:17:00,38.344,1.0
2024-06-07 09:17:00,38.75,1.0
2024-06-07 09:18:00,38.906,1.0
2024-06-07 09:18:00,38.438,1.0
2024-06-07 09:19:00,38.625,1.0
2024-06-07 09:19:00,39.0,1.0
2024-06-07 09:20:00,39.188,1.0
2024-06-07 09:20:00,39.344,1.0
2024-06-07 09:21:00,39.312,1.0
2024-06-07 09:21:00,39.312,1.0
2024-06-07 09:22:00,39.469,1.0
2024-06-07 09:22:00,39.781,1.0
2024-06-07 09:23:00,40.188,1.0
2024-06-07 09:23:00,40.219,1.0
2024-06-07 09:24:00,40.094,1.0
2024-06-07 09:24:00,40.469,1.0
2024-06-07 09:25:00,39.906,1.0
2024-06-07 09:25:00,40.219,1.0
2024-06-07 09:26:00,40.469,1.0
2024-06-07 09:26:00,40.344,1.0
2024-06-07 09:27:00,40.562,1.0
2024-06-07 09:27:00,41.094,1.0
2024-06-07 09:28:00,40.844,1.0
2024-06-07 09:28:00,40.812,1.0
2024-06-07 09:29:00,41.812,1.0
2024-06-07 09:29:00,42.312,1.0
2024-06-07 09:30:00,42.562,1.0
2024-06-07 09:30:00,42.5,1.0
2024-06-07 09:31:00,42.812,1.0
2024-06-07 09:31:00,43.031,1.0
2024-06-07 09:32:00,42.594,1.0
2024-06-07 09:32:00,42.875,1.0
2024-06-07 09:33:00,42.875,1.0
2024-06-07 09:33:00,42.844,1.0
2024-06-07 09:34:00,43.25,1.0
2024-06-07 09:34:00,42.844,1.0
2024-06-07 09:35:00,43.156,1.0
2024-06-07 09:35:00,43.844,1.0
2024-06-07 09:36:00,43.906,1.0
2024-06-07 09:36:00,44.094,1.0
2024-06-07 09:37:00,44.094,1.0
2024-06-07 09:37:00,44.0,1.0
2024-06-07 09:38:00,44.281,1.0
2024-06-07 09:38:00,44.344,1.0
2024-06-07 09:39:00,44.312,1.0
2024-06-07 09:39:00,44.438,1.0
2024-06-07 09:40:00,44.625,1.0
2024-06-07 09:40:00,44.938,1.0
2024-06-07 09:41:00,45.406,1.0
2024-06-07 09:41:00,45.469,1.0
2024-06-07 09:42:00,45.312,1.0
2024-06-07 09:42:00,45.594,1.0
2024-06-07 09:43:00,46.031,1.0
2024-06-07 09:43:00,46.0,1.0
2024-06-07 09:44:00,46.281,1.0
2024-06-07 09:44:00,45.969,1.0
2024-06-07 09:45:00,46.0,1.0
2024-06-07 09:45:00,46.469,1.0
2024-06-07 09:46:00,46.406,1.0
2024-06-07 09:46:00,46.594,1.0
2024-06-07 09:47:00,46.656,1.0
2024-06-07 09:47:00,46.688,1.0
2024-06-07 09:48:00,46.375,1.0
2024-06-07 09:48:00,46.875,1.0
2024-06-07 09:49:00,47.188,1.0
2024-06-07 09:49:00,47.031,1.0
2024-06-07 09:50:00,46.812,1.0
2024-06-07 09:50:00,46.844,1.0
2024-06-07 09:51:00,47.125,1.0
2024-06-07 09:51:00,47.531,1.0
2024-06-07 09:52:00,47.719,1.0
2024-06-07 09:52:00,47.719,1.0
2024-06-07 09:53:00,47.781,1.0
2024-06-07 09:53:00,47.781,1.0
2024-06-07 09:54:00,48.031,1.0
2024-06-07 09:54:00,48.156,1.0
2024-06-07 09:55:00,48.438,1.0
2024-06-07 09:55:00,48.5,1.0
2024-06-07 09:56:00,48.594,1.0
2024-06-07 09:56:00,49.0,1.0
2024-06-07 09:57:00,48.844,1.0
2024-06-07 09:57:00,49.125,1.0
2024-06-07 09:58:00,49.0,1.0
2024-06-07 09:58:00,48.875,1.0
2024-06-07 09:59:00,49.0,1.0
2024-06-07 09:59:00,48.719,1.0
2024-06-07 10:00:00,48.75,1.0
2024-06-07 10:00:00,48.688,1.0
2024-06-07 10:01:00,48.531,1.0
2024-06-07 10:01:00,48.406,1.0
2024-06-07 10:02:00,48.156,1.0
2024-06-07 10:02:00,47.906,1.0
2024-06-07 10:03:00,47.875,1.0
2024-06-07 10:03:00,47.781,1.0
2024-06-07 10:04:00,47.656,1.0
2024-06-07 10:04:00,47.906,1.0
2024-06-07 10:05:00,47.719,1.0
2024-06-07 10:05:00,47.844,1.0
2024-06-07 10:06:00,47.812,1.0
2024-06-07 10:06:00,47.562,1.0
2024-06-07 10:07:00,47.25,1.0
2024-06-07 10:07:00,47.219,1.0
2024-06-07 10:08:00,46.75,1.0
2024-06-07 10:08:00,46.719,1.0
2024-06-07 10:09:00,46.719,1.0
2024-06-07 10:09:00,46.656,1.0
2024-06-07 10:10:00,46.656,1.0
2024-06-07 10:10:00,46.938,1.0
2024-06-07 10:11:00,46.75,1.0
2024-06-07 10:11:00,46.75,1.0
2024-06-07 10:12:00,46.812,1.0
2024-06-07 10:12:00,47.0,1.0
2024-06-07 10:13:00,46.969,1.0
2024-06-07 10:13:00,47.344,1.0
2024-06-07 10:14:00,47.094,1.0
2024-06-07 10:14:00,47.188,1.0
2024-06-07 10:15:00,47.438,1.0
2024-06-07 10:15:00,47.312,1.0
2024-06-07 10:16:00,47.5,1.0
2024-06-07 10:16:00,47.406,1.0
2024-06-07 10:17:00,47.656,1.0
2024-06-07 10:17:00,48.156,1.0
2024-06-07 10:18:00,48.031,1.0
2024-06-07 10:18:00,48.219,1.0
2024-06-07 10:19:00,48.625,1.0
2024-06-07 10:19:00,48.688,1.0
2024-06-07 10:20:00,48.594,1.0
2024-06-07 10:20:00,48.719,1.0
2024-06-07 10:21:00,48.781,1.0
2024-06-07 10:21:00,48.625,1.0
2024-06-07 10:22:00,48.719,1.0
2024-06-07 10:22:00,49.031,1.0
2024-06-07 10:23:00,48.938,1.0
2024-06-07 10:23:00,49.031,1.0
2024-06-07 10:24:00,49.219,1.0
2024-06-07 10:24:00,49.312,1.0
2024-06-07 10:25:00,49.469,1.0
2024-06-07 10:25:00,49.844,1.0
2024-06-07 10:26:00,49.656,1.0
2024-06-07 10:26:00,49.625,1.0
2024-06-07 10:27:00,49.969,1.0
2024-06-07 10:27:00,49.719,1.0
2024-06-07 10:28:00,49.875,1.0
2024-06-07 10:28:00,49.625,1.0
2024-06-07 10:29:00,49.688,1.0
2024-06-07 10:29:00,49.906,1.0
2024-06-07 10:30:00,49.75,1.0
2024-06-07 10:30:00,49.812,1.0
2024-06-07 10:31:00,50.062,1.0
2024-06-07 10:31:00,50.062,1.0
2024-06-07 10:32:00,50.031,1.0
2024-06-07 10:32:00,49.75,1.0
2024-06-07 10:33:00,49.875,1.0
2024-06-07 10:33:00,50.0,1.0
2024-06-07 10:34:00,50.125,1.0
2024-06-07 10:34:00,50.156,1.0
2024-06-07 10:35:00,50.312,1.0
2024-06-07 10:35:00,50.562,1.0
2024-06-07 10:36:00,50.406,1.0
2024-06-07 10:36:00,50.812,1.0
2024-06-07 10:37:00,50.406,1.0
2024-06-07 10:37:00,50.219,1.0
2024-06-07 10:38:00,51.0,1.0
2024-06-07 10:38:00,50.969,1.0
2024-06-07 10:39:00,51.031,1.0
2024-06-07 10:39:00,50.969,1.0
2024-06-07 10:40:00,51.031,1.0
2024-06-07 10:40:00,51.094,1.0
2024-06-07 10:41:00,51.156,1.0
2024-06-07 10:41:00,51.156,1.0
2024-06-07 10:42:00,51.375,1.0
2024-06-07 10:42:00,51.344,1.0
2024-06-07 10:43:00,51.312,1.0
2024-06-07 10:43:00,51.594,1.0
2024-06-07 10:44:00,51.375,1.0
2024-06-07 10:44:00,51.062,1.0
2024-06-07 10:45:00,51.438,1.0
2024-06-07 10:45:00,51.281,1.0
2024-06-07 10:46:00,51.0,1.0
2024-06-07 10:46:00,50.906,1.0
2024-06-07 10:47:00,51.0,1.0
2024-06-07 10:47:00,50.75,1.0
2024-06-07 10:48:00,50.875,1.0
2024-06-07 10:48:00,50.719,1.0
2024-06-07 10:49:00,50.781,1.0
2024-06-07 10:49:00,50.969,1.0
2024-06-07 10:50:00,50.719,1.0
2024-06-07 10:50:00,50.906,1.0
2024-06-07 10:51:00,50.594,1.0
2024-06-07 10:51:00,50.375,1.0
2024-06-07 10:52:00,50.688,1.0
2024-06-07 10:52:00,50.188,1.0
2024-06-07 10:53:00,50.094,1.0
2024-06-07 10:53:00,50.156,1.0
2024-06-07 10:54:00,50.125,1.0
2024-06-07 10:54:00,49.844,1.0
2024-06-07 10:55:00,49.562,1.0
2024-06-07 10:55:00,49.625,1.0
2024-06-07 10:56:00,49.156,1.0
2024-06-07 10:56:00,49.219,1.0
2024-06-07 10:57:00,49.219,1.0
2024-06-07 10:57:00,49.125,1.0
2024-06-07 10:58:00,48.625,1.0
2024-06-07 10:58:00,48.656,1.0
2024-06-07 10:59:00,48.469,1.0
2024-06-07 10:59:00,48.344,1.0
2024-06-07 11:00:00,45.938,1.0
2024-06-07 11:00:00,39.719,0.0
2024-06-07 11:01:00,39.625,0.0
2024-06-07 11:01:00,39.188,0.0
2024-06-07 11:02:00,39.188,0.0
2024-06-07 11:02:00,39.125,0.0
2024-06-07 11:03:00,39.219,0.0
2024-06-07 11:03:00,39.312,0.0
2024-06-07 11:04:00,39.625,0.0
2024-06-07 11:04:00,39.812,0.0
2024-06-07 11:05:00,39.75,0.0
2024-06-07 11:05:00,39.562,0.0
2024-06-07 11:06:00,39.594,0.0
2024-06-07 11:06:00,39.875,0.0
2024-06-07 11:07:00,40.0,0.0
2024-06-07 11:07:00,40.062,0.0
2024-06-07 11:08:00,39.781,0.0
2024-06-07 11:08:00,39.75,0.0
2024-06-07 11:09:00,40.188,0.0
2024-06-07 11:09:00,40.156,0.0
2024-06-07 11:10:00,40.062,0.0
2024-06-07 11:10:00,39.969,0.0
2024-06-07 11:11:00,40.0,0.0
2024-06-07 11:11:00,39.906,0.0
2024-06-07 11:12:00,39.562,0.0
2024-06-07 11:12:00,39.312,0.0
2024-06-07 11:13:00,39.281,0.0
2024-06-07 11:13:00,39.156,0.0
2024-06-07 11:14:00,39.25,0.0
2024-06-07 11:14:00,39.125,0.0
2024-06-07 11:15:00,38.875,0.0
2024-06-07 11:15:00,38.844,0.0
2024-06-07 11:16:00,38.594,0.0
2024-06-07 11:16:00,38.469,0.0
2024-06-07 11:17:00,38.5,0.0
2024-06-07 11:17:00,38.406,0.0
2024-06-07 11:18:00,38.469,0.0
2024-06-07 11:18:00,38.125,0.0
2024-06-07 11:19:00,38.375,0.0
2024-06-07 11:19:00,38.656,0.0
2024-06-07 11:20:00,39.031,0.0
2024-06-07 11:20:00,38.938,0.0
2024-06-07 11:21:00,39.25,0.0
2024-06-07 11:21:00,39.25,0.0
2024-06-07 11:22:00,39.125,0.0
2024-06-07 11:22:00,39.281,0.0
2024-06-07 11:23:00,39.656,0.0
2024-06-07 11:23:00,39.594,0.0
2024-06-07 11:24:00,39.844,0.0
2024-06-07 11:24:00,39.688,0.0
2024-06-07 11:25:00,39.688,0.0
2024-06-07 11:25:00,39.844,0.0
2024-06-07 11:26:00,40.312,0.0
2024-06-07 11:26:00,40.25,0.0
2024-06-07 11:27:00,40.25,0.0
2024-06-07 11:27:00,40.406,0.0
2024-06-07 11:28:00,40.5,0.0
2024-06-07 11:28:00,40.344,0.0
2024-06-07 11:29:00,40.562,0.0
2024-06-07 11:29:00,40.219,0.0
2024-06-07 11:30:00,40.094,0.0
2024-06-07 11:30:00,40.219,0.0
2024-06-07 11:31:00,40.0,0.0
2024-06-07 11:31:00,39.875,0.0
2024-06-07 11:32:00,39.875,0.0
2024-06-07 11:32:00,40.031,0.0
2024-06-07 11:33:00,39.719,0.0
2024-06-07 11:33:00,39.312,0.0
2024-06-07 11:34:00,39.312,0.0
2024-06-07 11:34:00,39.219,0.0
2024-06-07 11:35:00,39.0,0.0
2024-06-07 11:35:00,38.719,0.0
2024-06-07 11:36:00,38.781,0.0
2024-06-07 11:36:00,38.469,0.0
2024-06-07 11:37:00,38.281,0.0
2024-06-07 11:37:00,37.906,0.0
2024-06-07 11:38:00,37.406,0.0
2024-06-07 11:38:00,37.562,0.0
2024-06-07 11:39:00,37.406,0.0
2024-06-07 11:39:00,37.438,0.0
2024-06-07 11:40:00,37.281,0.0
2024-06-07 11:40:00,37.5,0.0
2024-06-07 11:41:00,37.938,0.0
2024-06-07 11:41:00,37.75,0.0
2024-06-07 11:42:00,37.844,0.0
2024-06-07 11:42:00,37.562,0.0
2024-06-07 11:43:00,37.281,0.0
2024-06-07 11:43:00,37.656,0.0
2024-06-07 11:44:00,37.625,0.0
2024-06-07 11:44:00,37.875,0.0
2024-06-07 11:45:00,37.406,0.0
2024-06-07 11:45:00,37.188,0.0
2024-06-07 11:46:00,37.0,0.0
2024-06-07 11:46:00,36.562,0.0
2024-06-07 11:47:00,36.75,0.0
2024-06-07 11:47:00,36.594,0.0
2024-06-07 11:48:00,36.375,0.0
2024-06-07 11:48:00,35.938,0.0
2024-06-07 11:49:00,36.156,0.0
2024-06-07 11:49:00,35.875,0.0
2024-06-07 11:50:00,36.125,0.0
2024-06-07 11:50:00,36.219,0.0
2024-06-07 11:51:00,35.875,0.0
2024-06-07 11:51:00,35.094,0.0
2024-06-07 11:52:00,35.156,0.0
2024-06-07 11:52:00,35.125,0.0
2024-06-07 11:53:00,35.531,0.0
2024-06-07 11:53:00,35.094,0.0
2024-06-07 11:54:00,34.875,0.0
2024-06-07 11:54:00,34.938,0.0
2024-06-07 11:55:00,35.062,0.0
2024-06-07 11:55:00,34.688,0.0
2024-06-07 11:56:00,35.062,0.0
2024-06-07 11:56:00,35.156,0.0
2024-06-07 11:57:00,34.562,0.0
2024-06-07 11:57:00,34.781,0.0
2024-06-07 11:58:00,34.344,0.0
2024-06-07 11:58:00,33.812,0.0
2024-06-07 11:59:00,33.344,0.0
2024-06-07 11:59:00,33.75,0.0
2024-06-07 12:00:00,33.656,0.0
2024-06-07 12:00:00,33.625,0.0
2024-06-07 12:01:00,33.5,0.0
2024-06-07 12:01:00,34.406,0.0
2024-06-07 12:02:00,34.656,0.0
2024-06-07 12:02:00,33.75,0.0
2024-06-07 12:03:00,33.344,0.0
2024-06-07 12:03:00,34.188,0.0
2024-06-07 12:04:00,34.938,0.0
2024-06-07 12:04:00,34.844,0.0
2024-06-07 12:05:00,34.562,0.0
2024-06-07 12:05:00,34.594,0.0
2024-06-07 12:06:00,35.219,0.0
2024-06-07 12:06:00,34.344,0.0
2024-06-07 12:07:00,34.062,0.0
2024-06-07 12:07:00,33.875,0.0
2024-06-07 12:08:00,34.25,0.0
2024-06-07 12:08:00,34.688,0.0
2024-06-07 12:09:00,34.688,0.0
2024-06-07 12:09:00,34.719,0.0
2024-06-07 12:10:00,35.031,0.0
2024-06-07 12:10:00,34.281,0.0
2024-06-07 12:11:00,34.094,0.0
2024-06-07 12:11:00,33.594,0.0
2024-06-07 12:12:00,34.031,0.0
2024-06-07 12:12:00,34.125,0.0
2024-06-07 12:13:00,33.562,0.0
2024-06-07 12:13:00,33.062,0.0
2024-06-07 12:14:00,32.562,0.0
2024-06-07 12:14:00,32.75,0.0
2024-06-07 12:15:00,32.594,0.0
2024-06-07 12:15:00,33.125,0.0
2024-06-07 12:16:00,33.312,0.0
2024-06-07 12:16:00,32.688,0.0
2024-06-07 12:17:00,32.219,0.0
2024-06-07 12:17:00,32.094,0.0
2024-06-07 12:18:00,31.219,0.0
2024-06-07 12:18:00,32.031,0.0
2024-06-07 12:19:00,31.531,0.0
2024-06-07 12:19:00,31.25,0.0
2024-06-07 12:20:00,31.75,0.0
2024-06-07 12:20:00,31.75,0.0
2024-06-07 12:21:00,31.531,0.0
2024-06-07 12:21:00,30.906,0.0
2024-06-07 12:22:00,30.188,0.0
2024-06-07 12:22:00,30.75,0.0
2024-06-07 12:23:00,30.875,0.0
2024-06-07 12:23:00,30.531,0.0
2024-06-07 12:24:00,30.156,0.0
2024-06-07 12:24:00,29.781,0.0
2024-06-07 12:25:00,29.562,0.0
2024-06-07 12:25:00,30.094,0.0
2024-06-07 12:26:00,30.875,0.0
2024-06-07 12:26:00,30.094,0.0
2024-06-07 12:27:00,29.562,0.0
2024-06-07 12:27:00,29.594,0.0
2024-06-07 12:28:00,30.938,0.0
2024-06-07 12:28:00,31.125,0.0
2024-06-07 12:29:00,30.781,0.0
2024-06-07 12:29:00,30.0,0.0
2024-06-07 12:30:00,29.906,0.0
2024-06-07 12:30:00,29.5,0.0
2024-06-07 12:31:00,28.156,0.0
2024-06-07 12:31:00,28.188,0.0
2024-06-07 12:32:00,27.438,0.0
2024-06-07 12:32:00,26.906,0.0
2024-06-07 12:33:00,27.125,0.0
2024-06-07 12:33:00,26.906,0.0
2024-06-07 12:34:00,26.719,0.0
2024-06-07 12:34:00,26.094,0.0
2024-06-07 12:35:00,27.312,0.0
2024-06-07 17:29:00,24.844,0.0
2024-06-07 17:29:00,24.25,0.0
2024-06-07 17:30:00,23.938,0.0
2024-06-07 17:30:00,25.219,0.0
2024-06-07 17:31:00,25.312,0.0
2024-06-07 17:31:00,25.156,0.0
2024-06-07 17:32:00,25.5,0.0
2024-06-07 17:32:00,25.5,0.0
2024-06-07 17:33:00,24.969,0.0
2024-06-07 17:33:00,25.125,0.0
2024-06-07 17:34:00,25.969,0.0
2024-06-07 17:34:00,26.094,0.0
2024-06-07 17:35:00,25.438,0.0
2024-06-07 17:35:00,26.188,0.0
2024-06-07 17:36:00,26.844,0.0
2024-06-07 17:36:00,27.062,0.0
2024-06-07 17:37:00,26.375,0.0
2024-06-07 17:37:00,26.75,0.0
2024-06-07 17:38:00,28.094,0.0
2024-06-07 17:38:00,28.406,0.0
2024-06-07 17:39:00,28.188,0.0
2024-06-07 17:39:00,28.594,0.0
2024-06-07 17:40:00,29.062,0.0
2024-06-07 17:40:00,28.875,0.0
2024-06-07 17:41:00,28.594,0.0
2024-06-07 17:41:00,28.719,0.0
2024-06-07 17:42:00,28.5,0.0
2024-06-07 17:42:00,28.844,0.0
2024-06-07 17:43:00,28.406,0.0
2024-06-07 17:43:00,28.344,0.0
2024-06-07 17:44:00,28.625,0.0
2024-06-07 17:44:00,28.062,0.0
2024-06-07 17:45:00,28.375,0.0
2024-06-07 17:45:00,28.906,0.0
2024-06-07 17:46:00,28.781,0.0
2024-06-07 17:46:00,28.156,0.0
2024-06-07 17:47:00,28.625,0.0
2024-06-07 17:47:00,29.312,0.0
2024-06-07 17:48:00,29.156,0.0
2024-06-07 17:48:00,30.062,0.0
2024-06-07 17:49:00,29.875,0.0
2024-06-07 17:49:00,30.5,0.0
2024-06-07 17:50:00,30.844,0.0
2024-06-07 17:50:00,30.5,0.0
2024-06-07 17:51:00,30.969,0.0
2024-06-07 17:51:00,30.469,0.0
2024-06-07 17:52:00,30.375,0.0
2024-06-07 17:52:00,30.594,0.0
2024-06-07 17:53:00,29.844,0.0
2024-06-07 17:53:00,29.844,0.0
2024-06-07 17:54:00,30.219,0.0
2024-06-07 17:54:00,29.781,0.0
2024-06-07 17:55:00,30.5,0.0
2024-06-07 17:55:00,30.25,0.0
2024-06-07 17:56:00,30.562,0.0
2024-06-07 17:56:00,30.438,0.0
2024-06-07 17:57:00,31.031,0.0
2024-06-07 17:57:00,31.281,0.0
2024-06-07 17:58:00,31.344,0.0
2024-06-07 17:58:00,32.156,0.0
2024-06-07 17:59:00,32.219,0.0
2024-06-07 17:59:00,32.625,0.0
2024-06-07 18:00:00,32.406,0.0
2024-06-07 18:00:00,32.281,0.0
2024-06-07 18:01:00,32.531,0.0
2024-06-07 18:01:00,32.0,0.0
2024-06-07 18:02:00,32.469,0.0
2024-06-07 18:02:00,31.75,0.0
2024-06-07 18:03:00,32.656,0.0
2024-06-07 18:03:00,31.969,0.0
2024-06-07 18:04:00,32.531,0.0
2024-06-07 18:04:00,32.625,0.0
2024-06-07 18:05:00,32.688,0.0
2024-06-07 18:05:00,32.531,0.0
2024-06-07 18:06:00,32.344,0.0
2024-06-07 18:06:00,32.188,0.0
2024-06-07 18:07:00,32.438,0.0
2024-06-07 18:07:00,32.469,0.0
2024-06-07 18:08:00,32.812,0.0
2024-06-07 18:08:00,32.906,0.0
2024-06-07 18:09:00,32.625,0.0
2024-06-07 18:09:00,32.219,0.0
2024-06-07 18:10:00,31.531,0.0
2024-06-07 18:10:00,31.438,0.0
2024-06-07 18:11:00,31.062,0.0
2024-06-07 18:11:00,29.906,0.0
2024-06-07 18:12:00,30.094,0.0
2024-06-07 18:12:00,29.781,0.0
2024-06-07 18:13:00,29.719,0.0
2024-06-07 18:13:00,29.156,0.0
2024-06-07 18:14:00,29.125,0.0
2024-06-07 18:14:00,28.844,0.0
2024-06-07 18:15:00,28.938,0.0
2024-06-07 18:15:00,28.5,0.0
2024-06-07 18:16:00,28.0,0.0
2024-06-07 18:16:00,27.469,0.0
2024-06-07 18:17:00,27.844,0.0
2024-06-07 18:17:00,27.406,0.0
2024-06-07 18:18:00,28.188,0.0
2024-06-07 18:18:00,28.094,0.0
2024-06-07 18:19:00,28.625,0.0
2024-06-07 18:19:00,29.438,0.0
2024-06-07 18:20:00,29.25,0.0
2024-06-07 18:20:00,29.938,0.0
2024-06-07 18:21:00,30.344,0.0
2024-06-07 18:21:00,30.031,0.0
2024-06-07 18:22:00,29.938,0.0
2024-06-07 18:22:00,29.969,0.0
2024-06-07 18:23:00,29.781,0.0
2024-06-07 18:23:00,29.75,0.0
2024-06-07 18:24:00,30.094,0.0
2024-06-07 18:24:00,30.156,0.0
2024-06-07 18:25:00,29.844,0.0
2024-06-07 18:25:00,30.375,0.0
2024-06-07 18:26:00,30.188,0.0
2024-06-07 18:26:00,30.0,0.0
2024-06-07 18:27:00,30.375,0.0
2024-06-07 18:27:00,30.281,0.0
2024-06-07 18:28:00,29.844,0.0
2024-06-07 18:28:00,30.25,0.0
2024-06-07 18:29:00,30.5,0.0
2024-06-07 18:29:00,30.625,0.0
2024-06-07 18:30:00,30.562,0.0
2024-06-07 18:30:00,30.875,0.0
2024-06-07 18:31:00,30.031,0.0
2024-06-07 18:31:00,30.625,0.0
2024-06-07 18:32:00,30.281,0.0
2024-06-07 18:32:00,29.75,0.0
2024-06-07 18:33:00,29.844,0.0
2024-06-07 18:33:00,29.5,0.0
2024-06-07 18:34:00,30.0,0.0
2024-06-07 18:34:00,30.5,0.0
2024-06-07 18:35:00,31.281,0.0
2024-06-07 18:35:00,31.031,0.0
2024-06-07 18:36:00,31.0,0.0
2024-06-07 18:36:00,31.312,0.0
2024-06-07 18:37:00,31.656,0.0
2024-06-07 18:37:00,31.875,0.0
2024-06-07 18:38:00,32.5,0.0
2024-06-07 18:38:00,32.219,0.0
2024-06-07 18:39:00,32.594,0.0
2024-06-07 18:39:00,31.969,0.0
2024-06-07 18:40:00,32.688,0.0
2024-06-07 18:40:00,32.562,0.0
2024-06-07 18:41:00,32.562,0.0
2024-06-07 18:41:00,33.344,0.0
2024-06-07 18:42:00,33.531,0.0
2024-06-07 18:42:00,33.344,0.0
2024-06-07 18:43:00,33.031,0.0
2024-06-07 18:43:00,33.594,0.0
2024-06-07 18:44:00,33.312,0.0
2024-06-07 18:44:00,33.594,0.0
2024-06-07 18:45:00,33.938,0.0
2024-06-07 18:45:00,33.844,0.0
2024-06-07 18:46:00,33.875,0.0
2024-06-07 18:46:00,34.156,0.0
2024-06-07 18:47:00,34.188,0.0
2024-06-07 18:47:00,34.094,0.0
2024-06-07 18:48:00,33.781,0.0
2024-06-07 18:48:00,33.844,0.0
2024-06-07 18:49:00,34.219,0.0
2024-06-07 18:49:00,34.188,0.0
2024-06-07 18:50:00,33.969,0.0
2024-06-07 18:50:00,33.562,0.0
2024-06-07 18:51:00,33.531,0.0
2024-06-07 18:51:00,32.844,0.0
2024-06-07 18:52:00,32.938,0.0
2024-06-07 18:52:00,32.875,0.0
2024-06-07 18:53:00,32.688,0.0
2024-06-07 18:53:00,32.094,0.0
2024-06-07 18:54:00,31.844,0.0
2024-06-07 18:54:00,31.5,0.0
2024-06-07 18:55:00,31.312,0.0
2024-06-07 18:55:00,31.5,0.0
2024-06-07 18:56:00,31.75,0.0
2024-06-07 18:56:00,31.531,0.0
2024-06-07 18:57:00,32.344,0.0
2024-06-07 18:57:00,32.312,0.0
2024-06-07 18:58:00,32.312,0.0
2024-06-07 18:58:00,32.875,0.0
2024-06-07 18:59:00,33.031,0.0
2024-06-07 18:59:00,32.969,0.0
2024-06-07 19:00:00,32.719,0.0
2024-06-07 19:00:00,32.906,0.0
2024-06-07 19:01:00,32.344,0.0
2024-06-07 19:01:00,31.844,0.0
2024-06-07 19:02:00,31.25,0.0
2024-06-07 19:02:00,31.031,0.0
2024-06-07 19:03:00,30.781,0.0
2024-06-07 19:03:00,30.656,0.0
2024-06-07 19:04:00,30.531,0.0
2024-06-07 19:04:00,30.688,0.0
2024-06-07 19:05:00,30.438,0.0
2024-06-07 19:05:00,30.469,0.0
2024-06-07 19:06:00,30.469,0.0
2024-06-07 19:06:00,30.656,0.0
